Car_ID,Make,Type,Year,Origin,Color,Options,Engine_Size,Fuel_Type,Gear_Type,Mileage,Region,Car_Age,True_Price,Predicted_Price,Abs_Error,Pct_Error,Prediction_Accuracy_Band
1,Kia,Optima,2018,Gulf Arabic,White,Standard,2.4,Gas,Automatic,48000,Riyadh,8,67000.0,62479,4521,6.7,Excellent (<10%)
2,Hyundai,Elantra,2017,Saudi,Grey,Semi Full,2.0,Gas,Automatic,159000,Riyadh,9,39000.0,42250,3250,8.3,Excellent (<10%)
3,Kia,Cerato,2019,Saudi,Navy,Standard,1.6,Gas,Automatic,85758,Jeddah,7,44999.999999999985,44552,448,1.0,Excellent (<10%)
4,Hyundai,Azera,2018,Saudi,White,Full,3.5,Gas,Automatic,76000,Dammam,8,77999.99999999994,79988,1988,2.5,Excellent (<10%)
5,Hyundai,Sonata,2012,Saudi,White,Full,2.5,Gas,Automatic,221000,Riyadh,14,29999.99999999999,27572,2428,8.1,Excellent (<10%)
6,Nissan,Sentra,2017,Saudi,Silver,Standard,1.6,Gas,Automatic,105272,Riyadh,9,38499.99999999997,35809,2691,7.0,Excellent (<10%)
7,Toyota,Camry,2016,Gulf Arabic,White,Semi Full,2.5,Gas,Automatic,111,Riyadh,10,49000.00000000002,53283,4283,8.7,Excellent (<10%)
8,Hyundai,Accent,2015,Saudi,White,Standard,1.4,Gas,Automatic,500000,Jeddah,11,21999.999999999993,28246,6246,28.4,Fair (25-50%)
9,Toyota,Hilux,2016,Saudi,White,Standard,2.4,Gas,Manual,250000,Dammam,10,58000.00000000003,58079,79,0.1,Excellent (<10%)
10,Hyundai,Elantra,2017,Saudi,White,Semi Full,2.0,Gas,Automatic,285000,Riyadh,9,35999.99999999998,40479,4479,12.4,Good (10-25%)
11,MG,ZS,2021,Saudi,Blue,Standard,1.5,Gas,Automatic,600,Dammam,5,50999.999999999985,42678,8322,16.3,Good (10-25%)
12,Lexus,IS,2016,Other,White,Full,3.5,Gas,Automatic,96000,Dammam,10,108000.00000000001,110032,2032,1.9,Excellent (<10%)
13,Toyota,Prado,2016,Saudi,White,Semi Full,4.0,Gas,Automatic,201000,Riyadh,10,107000.00000000003,102343,4657,4.4,Excellent (<10%)
14,Hyundai,Tucson,2015,Saudi,Grey,Standard,2.0,Gas,Automatic,69000,Jeddah,11,44999.999999999985,43545,1455,3.2,Excellent (<10%)
15,Honda,Accord,2017,Gulf Arabic,White,Full,3.5,Gas,Automatic,46179,Riyadh,9,111500.00000000009,92350,19150,17.2,Good (10-25%)
16,Hyundai,Accent,2018,Saudi,White,Standard,1.4,Gas,Automatic,105500,Dammam,8,31999.999999999993,32561,561,1.8,Excellent (<10%)
17,Chevrolet,Impala,2019,Saudi,Silver,Semi Full,3.6,Gas,Automatic,107000,Riyadh,7,73000.00000000003,81265,8265,11.3,Good (10-25%)
18,Ford,Taurus,2012,Gulf Arabic,Another Color,Full,3.5,Gas,Automatic,334728,Aseer,14,35000.00000000001,40000,5000,14.3,Good (10-25%)
19,Mitsubishi,Pajero,2016,Saudi,White,Full,3.5,Gas,Automatic,190000,Dammam,10,58000.00000000003,57420,580,1.0,Excellent (<10%)
20,Lexus,LX,2006,Other,Another Color,Full,4.7,Gas,Automatic,246000,Jeddah,20,37000.00000000001,35442,1558,4.2,Excellent (<10%)
21,Changan,CS95,2019,Saudi,Black,Full,2.0,Gas,Automatic,106000,Jeddah,7,70000.00000000001,78904,8904,12.7,Good (10-25%)
22,Ford,Taurus,2010,Other,Oily,Full,3.5,Gas,Automatic,254000,Khobar,16,35000.00000000001,29588,5412,15.5,Good (10-25%)
23,Ford,F150,2017,Saudi,White,Full,2.8,Gas,Automatic,28000,Al-Medina,9,175000.00000000012,81352,93648,53.5,Poor (>50%)
24,GMC,Yukon,2018,Saudi,Silver,Standard,5.3,Gas,Automatic,196600,Dammam,8,130000.00000000009,126207,3793,2.9,Excellent (<10%)
25,Toyota,Corolla,2017,Saudi,White,Standard,1.6,Gas,Automatic,110,Aseer,9,46000.000000000044,45601,399,0.9,Excellent (<10%)
26,Lexus,LX,2005,Other,White,Full,4.8,Gas,Automatic,225000,Abha,21,44999.999999999985,33613,11387,25.3,Fair (25-50%)
27,Nissan,Bus Urvan,2010,Gulf Arabic,White,Full,2.7,Gas,Manual,2012,Dammam,16,14500.000000000004,32017,17517,120.8,Poor (>50%)
28,Chevrolet,Tahoe,2010,Saudi,White,Full,2.7,Gas,Automatic,260000,Riyadh,16,64999.999999999956,29783,35217,54.2,Poor (>50%)
29,Mercedes,GL,2012,Saudi,Black,Full,4.8,Gas,Automatic,106000,Riyadh,14,70999.99999999994,75947,4947,7.0,Excellent (<10%)
30,Toyota,Yaris,2016,Saudi,Grey,Standard,1.5,Gas,Manual,134000,Jubail,10,22999.999999999996,31518,8518,37.0,Fair (25-50%)
31,GMC,Yukon,2008,Saudi,Golden,Full,5.3,Gas,Automatic,286000,Riyadh,18,48000.00000000004,38834,9166,19.1,Good (10-25%)
32,Nissan,Datsun,2014,Other,White,Standard,2.4,Gas,Manual,282,Riyadh,12,23999.99999999999,35848,11848,49.4,Fair (25-50%)
33,Kia,Rio,2016,Saudi,Navy,Semi Full,1.4,Gas,Automatic,103000,Jubail,10,26999.999999999978,28057,1057,3.9,Excellent (<10%)
34,Hyundai,Elantra,2017,Gulf Arabic,Black,Semi Full,2.0,Gas,Automatic,51000,Jeddah,9,41999.99999999999,48751,6751,16.1,Good (10-25%)
35,Ford,Mustang,2016,Saudi,Silver,Standard,5.0,Gas,Automatic,184000,Jubail,10,3048.9999999999986,89060,86011,2821.0,
36,Toyota,FJ,2015,Saudi,White,Full,4.0,Gas,Automatic,259880,Riyadh,11,89000.00000000004,81337,7663,8.6,Excellent (<10%)
37,GMC,Yukon,2011,Saudi,Silver,Semi Full,1.0,Gas,Automatic,600000,Riyadh,15,35999.99999999998,19007,16993,47.2,Fair (25-50%)
38,Toyota,Land Cruiser Pickup,2021,Saudi,Another Color,Full,4.0,Gas,Manual,7456,Riyadh,5,146500.00000000006,144435,2065,1.4,Excellent (<10%)
39,Mercedes,S,2006,Saudi,White,Full,9.0,Gas,Automatic,280000,Jeddah,20,58000.00000000003,28695,29305,50.5,Poor (>50%)
40,Hyundai,Accent,2017,Saudi,White,Semi Full,1.6,Gas,Automatic,197990,Riyadh,9,29999.99999999999,30016,16,0.1,Excellent (<10%)
41,Peugeot,307,2007,Saudi,Black,Standard,1.6,Gas,Manual,75500,Riyadh,19,10999.999999999993,13042,2042,18.6,Good (10-25%)
42,Mercedes,E,2017,Other,White,Full,2.0,Gas,Automatic,58000,Dammam,9,177000.00000000006,165919,11081,6.3,Excellent (<10%)
43,Toyota,Hilux,2016,Saudi,White,Full,2.7,Gas,Manual,175000,Jeddah,10,76999.99999999997,64562,12438,16.2,Good (10-25%)
44,Kia,Carnival,2016,Other,White,Semi Full,3.3,Gas,Automatic,85000,Dammam,10,63999.99999999997,60093,3907,6.1,Excellent (<10%)
45,Dodge,Charger,2014,Other,Red,Full,3.6,Gas,Automatic,300000,Jeddah,12,35000.00000000001,43326,8326,23.8,Good (10-25%)
46,Jeep,Liberty,2012,Saudi,Silver,Semi Full,3.7,Gas,Automatic,247000,Al-Medina,14,25000.000000000004,32628,7628,30.5,Fair (25-50%)
47,Kia,Stinger,2020,Saudi,Grey,Full,3.3,Gas,Automatic,7000,Dammam,6,159999.99999999997,135628,24372,15.2,Good (10-25%)
48,Toyota,Rav4,2018,Saudi,White,Semi Full,2.5,Gas,Automatic,88000,Dammam,8,76999.99999999997,74849,2151,2.8,Excellent (<10%)
49,Nissan,Pathfinder,2002,Saudi,Grey,Semi Full,3.3,Gas,Automatic,550000,Al-Ahsa,24,10000.00000000001,13406,3406,34.1,Fair (25-50%)
50,GMC,Yukon,2016,Gulf Arabic,Black,Full,5.3,Gas,Automatic,55000,Riyadh,10,175000.00000000012,139078,35922,20.5,Good (10-25%)
51,Mazda,6,2014,Other,Black,Full,2.5,Gas,Manual,201000,Riyadh,12,41999.99999999999,43534,1534,3.7,Excellent (<10%)
52,Kia,Sorento,2015,Saudi,Brown,Standard,3.3,Gas,Automatic,94283,Riyadh,11,55499.99999999996,49807,5693,10.3,Good (10-25%)
53,Toyota,Camry,2009,Saudi,White,Full,2.4,Gas,Automatic,520000,Makkah,17,22999.999999999996,24731,1731,7.5,Excellent (<10%)
54,Mazda,6,2018,Other,Another Color,Standard,2.0,Gas,Automatic,71000,Qassim,8,61999.99999999997,71379,9379,15.1,Good (10-25%)
55,HAVAL,H2,2021,Saudi,Brown,Full,1.5,Gas,Automatic,2800,Jeddah,5,57000.000000000044,56190,810,1.4,Excellent (<10%)
56,Toyota,Camry,2017,Gulf Arabic,White,Standard,2.5,Gas,Automatic,107000,Dammam,9,50000.000000000015,60728,10728,21.5,Good (10-25%)
57,Toyota,Hilux,2020,Gulf Arabic,White,Semi Full,2.7,Gas,Manual,27000,Riyadh,6,104500.00000000003,90860,13640,13.1,Good (10-25%)
58,Honda,Accord,2018,Saudi,Silver,Full,1.5,Gas,Automatic,70000,Al-Medina,8,95999.99999999996,69907,26093,27.2,Fair (25-50%)
59,Toyota,Furniture,2016,Saudi,White,Semi Full,2.4,Diesel,Automatic,120000,Al-Jouf,10,92000.00000000007,62009,29991,32.6,Fair (25-50%)
60,Nissan,Sunny,2011,Saudi,Silver,Semi Full,1.6,Gas,Automatic,212000,Riyadh,15,14999.99999999999,15267,267,1.8,Excellent (<10%)
61,Toyota,Camry,2000,Gulf Arabic,White,Standard,1.6,Gas,Automatic,40000,Dammam,26,16000.000000000002,12637,3363,21.0,Good (10-25%)
62,Honda,Accord,2018,Saudi,Another Color,Semi Full,2.4,Gas,Automatic,119041,Taef,8,70000.00000000001,65211,4789,6.8,Excellent (<10%)
63,Lexus,ES,2017,Gulf Arabic,White,Full,3.5,Gas,Automatic,86000,Riyadh,9,139999.9999999999,136088,3912,2.8,Excellent (<10%)
64,Toyota,Camry,2017,Saudi,Silver,Standard,2.5,Gas,Automatic,314000,Dammam,9,46000.000000000044,46821,821,1.8,Excellent (<10%)
65,Toyota,Camry,2017,Gulf Arabic,White,Semi Full,2.5,Gas,Automatic,119550,Riyadh,9,66500.00000000006,58304,8196,12.3,Good (10-25%)
66,Toyota,Camry,2020,Saudi,Silver,Standard,2.5,Gas,Automatic,20000,Aseer,6,92000.00000000007,88718,3282,3.6,Excellent (<10%)
67,Porsche,Cayenne S,2013,Saudi,White,Full,4.8,Gas,Automatic,219000,Riyadh,13,100000.00000000004,78866,21134,21.1,Good (10-25%)
68,GMC,Yukon,2013,Saudi,Black,Semi Full,5.3,Gas,Automatic,289000,Dammam,13,55000.00000000004,57326,2326,4.2,Excellent (<10%)
69,Toyota,Hilux,2017,Saudi,White,Semi Full,2.7,Gas,Manual,384000,Dammam,9,66000.0,65751,249,0.4,Excellent (<10%)
70,Ford,Victoria,1998,Saudi,Green,Standard,4.6,Gas,Automatic,40000,Riyadh,28,5000.000000000003,13235,8235,164.7,Poor (>50%)
71,Nissan,Patrol,1992,Saudi,White,Standard,4.6,Gas,Manual,357000,Dammam,34,26999.999999999978,17686,9314,34.5,Fair (25-50%)
72,Geely,EC7,2014,Saudi,Black,Full,1.6,Gas,Automatic,229000,Jeddah,12,17999.999999999993,25190,7190,39.9,Fair (25-50%)
73,Chevrolet,Tahoe,2015,Saudi,Black,Standard,5.3,Gas,Automatic,250000,Yanbu,11,95000.00000000001,83966,11034,11.6,Good (10-25%)
74,Hyundai,Accent,2019,Saudi,White,Standard,1.4,Gas,Automatic,62400,Dammam,7,40000.0,37186,2814,7.0,Excellent (<10%)
75,Mercedes,C,2017,Gulf Arabic,White,Full,2.0,Gas,Automatic,120000,Riyadh,9,143000.0000000001,151187,8187,5.7,Excellent (<10%)
76,Hyundai,Accent,2017,Saudi,White,Standard,1.4,Gas,Automatic,88000,Dammam,9,33999.99999999999,30287,3713,10.9,Good (10-25%)
77,Toyota,Camry,2017,Gulf Arabic,White,Standard,2.5,Gas,Automatic,97000,Dammam,9,67999.99999999999,60519,7481,11.0,Good (10-25%)
78,Honda,Crosstour,2010,Saudi,Silver,Full,3.5,Gas,Automatic,135000,Dammam,16,43000.00000000002,40273,2727,6.3,Excellent (<10%)
79,Geely,Emgrand,2019,Saudi,Blue,Semi Full,1.8,Gas,Automatic,70000,Riyadh,7,35000.00000000001,48774,13774,39.4,Fair (25-50%)
80,Chrysler,C300,2005,Saudi,Black,Full,5.7,Gas,Automatic,275000,Dammam,21,17999.999999999993,20803,2803,15.6,Good (10-25%)
81,Ford,Expedition,2012,Saudi,Black,Semi Full,5.4,Gas,Automatic,161925,Riyadh,14,40000.0,48184,8184,20.5,Good (10-25%)
82,Toyota,Avanza,2016,Saudi,White,Semi Full,1.5,Gas,Automatic,130000,Al-Ahsa,10,35000.00000000001,37736,2736,7.8,Excellent (<10%)
83,Toyota,Corolla,2003,Saudi,Silver,Full,1.0,Gas,Automatic,50000,Riyadh,23,14999.99999999999,12521,2479,16.5,Good (10-25%)
84,Toyota,Furniture,2019,Saudi,White,Full,4.0,Gas,Automatic,135000,Riyadh,7,115005.0,115814,809,0.7,Excellent (<10%)
85,Toyota,Rush,2019,Saudi,Another Color,Full,1.5,Gas,Automatic,40000,Jeddah,7,57000.000000000044,56116,884,1.6,Excellent (<10%)
86,Mercedes,E,2017,Other,Black,Full,3.5,Gas,Automatic,21000,Dammam,9,275000.0000000002,213898,61102,22.2,Good (10-25%)
87,Toyota,Yaris,2018,Saudi,Silver,Standard,1.5,Gas,Automatic,131000,Jeddah,8,35000.00000000001,34431,569,1.6,Excellent (<10%)
88,Cadillac,ATS,2018,Saudi,Black,Standard,2.0,Gas,Automatic,78000,Riyadh,8,84999.99999999996,68091,16909,19.9,Good (10-25%)
89,Nissan,Sunny,2011,Saudi,White,Standard,1.4,Gas,Manual,290,Riyadh,15,6999.999999999998,12611,5611,80.2,Poor (>50%)
90,Lincoln,Navigator,2011,Saudi,Black,Full,5.4,Gas,Automatic,200000,Aseer,15,60000.000000000015,49967,10033,16.7,Good (10-25%)
91,Toyota,Corolla,2018,Saudi,White,Standard,1.6,Gas,Automatic,88288,Riyadh,8,51499.99999999996,47175,4325,8.4,Excellent (<10%)
92,Ford,Taurus,2011,Saudi,Silver,Standard,3.5,Gas,Automatic,369000,Riyadh,15,37500.00000000001,27696,9804,26.1,Fair (25-50%)
93,Toyota,Land Cruiser,2021,Gulf Arabic,White,Semi Full,4.0,Gas,Automatic,4000,Riyadh,5,225000.00000000015,208433,16567,7.4,Excellent (<10%)
94,Mercedes,C,2019,Gulf Arabic,Black,Full,2.0,Gas,Automatic,14000,Dammam,7,195000.00000000006,196013,1013,0.5,Excellent (<10%)
95,Hyundai,Sonata,2013,Saudi,White,Semi Full,2.4,Gas,Automatic,215000,Riyadh,13,28000.00000000002,33397,5397,19.3,Good (10-25%)
96,Toyota,Land Cruiser,1994,Saudi,Red,Standard,4.6,Gas,Manual,600000,Dammam,32,25000.000000000004,31102,6102,24.4,Good (10-25%)
97,Nissan,Sunny,2017,Saudi,White,Standard,1.5,Gas,Automatic,58000,Al-Medina,9,24499.99999999998,28078,3578,14.6,Good (10-25%)
98,Mercedes,G,2013,Saudi,Black,Full,6.0,Gas,Automatic,32800,Dammam,13,375000.00000000006,105184,269816,72.0,Poor (>50%)
99,Nissan,Sunny,2019,Saudi,White,Standard,1.5,Gas,Automatic,55526,Riyadh,7,27499.99999999998,30813,3313,12.0,Good (10-25%)
100,GMC,Acadia,2016,Saudi,White,Semi Full,3.6,Gas,Automatic,106000,Riyadh,10,75000.00000000004,72680,2320,3.1,Excellent (<10%)
101,Kia,Rio,2015,Saudi,White,Standard,1.6,Gas,Automatic,182000,Riyadh,11,20999.99999999998,25674,4674,22.3,Good (10-25%)
102,Kia,Cerato,2019,Saudi,White,Standard,1.6,Gas,Automatic,43632,Jeddah,7,45499.99999999997,45555,55,0.1,Excellent (<10%)
103,Hyundai,Kona,2019,Saudi,Grey,Full,1.0,Gas,Automatic,22000,Riyadh,7,76999.99999999997,58286,18714,24.3,Good (10-25%)
104,Toyota,Corolla,2015,Saudi,Red,Standard,1.6,Gas,Manual,128333,Dammam,11,32999.99999999999,38420,5420,16.4,Good (10-25%)
105,Ford,Expedition,2014,Saudi,Black,Standard,5.4,Gas,Automatic,140,Riyadh,12,50000.000000000015,60258,10258,20.5,Good (10-25%)
106,Mazda,6,2018,Saudi,Red,Standard,2.5,Gas,Automatic,68263,Riyadh,8,66500.00000000006,65683,817,1.2,Excellent (<10%)
107,Kia,Optima,2014,Saudi,White,Full,2.4,Gas,Automatic,113000,Dammam,12,50999.999999999985,48542,2458,4.8,Excellent (<10%)
108,Kia,Carnival,2013,Saudi,White,Semi Full,3.5,Gas,Automatic,256000,Al-Ahsa,13,28000.00000000002,41898,13898,49.6,Fair (25-50%)
109,Lexus,ES,2007,Other,Black,Full,6.1,Gas,Automatic,240000,Khobar,19,23999.99999999999,35636,11636,48.5,Fair (25-50%)
110,Nissan,KICKS,2020,Saudi,Grey,Semi Full,1.6,Gas,Automatic,200,Riyadh,6,66000.0,51496,14504,22.0,Good (10-25%)
111,Toyota,Land Cruiser 70,2011,Saudi,White,Semi Full,4.0,Gas,Manual,352500,Hail,15,58000.00000000003,53241,4759,8.2,Excellent (<10%)
112,Jeep,Wrangler,2017,Gulf Arabic,Black,Standard,3.6,Gas,Automatic,82000,Dammam,9,93000.00000000007,75724,17276,18.6,Good (10-25%)
113,Kia,Cerato,2015,Saudi,Navy,Full,2.0,Gas,Automatic,104000,Al-Ahsa,11,28000.00000000002,48454,20454,73.0,Poor (>50%)
114,Ford,Expedition,2016,Saudi,White,Full,3.6,Gas,Automatic,265000,Dammam,10,114999.99999999991,64749,50251,43.7,Fair (25-50%)
115,Toyota,Furniture,2019,Saudi,White,Full,4.0,Gas,Automatic,113000,Riyadh,7,104999.99999999997,115176,10176,9.7,Excellent (<10%)
116,Toyota,Ciocca,2009,Saudi,White,Semi Full,5.7,Gas,Automatic,275000,Makkah,17,55000.00000000004,39167,15833,28.8,Fair (25-50%)
117,Ford,Taurus,2015,Other,Grey,Full,3.5,Gas,Automatic,92000,Dammam,11,71999.99999999996,77770,5770,8.0,Excellent (<10%)
118,GMC,Yukon,2017,Saudi,Silver,Standard,5.3,Gas,Automatic,137317,Dammam,9,130000.00000000009,123382,6618,5.1,Excellent (<10%)
119,Toyota,Avalon,2016,Gulf Arabic,Silver,Semi Full,3.5,Gas,Automatic,93000,Riyadh,10,75000.00000000004,76129,1129,1.5,Excellent (<10%)
120,Kia,Sportage,2020,Saudi,Orange,Semi Full,1.6,Gas,Automatic,7600,Jeddah,6,2656.0000000000005,63834,61178,2303.4,
121,Iveco,Daily,2018,Saudi,White,Standard,3.0,Diesel,Manual,116000,Riyadh,8,92000.00000000007,72367,19633,21.3,Good (10-25%)
122,Toyota,Land Cruiser,2011,Saudi,White,Full,4.6,Gas,Automatic,434,Aseer,15,84999.99999999996,110359,25359,29.8,Fair (25-50%)
123,Nissan,Datsun,2016,Gulf Arabic,White,Full,2.4,Gas,Manual,188,Hail,10,32999.99999999999,47353,14353,43.5,Fair (25-50%)
124,Chevrolet,Suburban,2017,Other,Grey,Full,5.3,Gas,Automatic,153000,Riyadh,9,162000.00000000012,130964,31036,19.2,Good (10-25%)
125,Chevrolet,Tahoe,2016,Saudi,White,Standard,5.3,Gas,Automatic,140641,Jeddah,10,2333.0,104297,101964,4370.5,
126,Kia,Cerato,2018,Saudi,Silver,Standard,1.6,Gas,Automatic,57000,Dammam,8,39500.00000000001,45483,5983,15.1,Good (10-25%)
127,Toyota,Furniture,2017,Saudi,White,Semi Full,4.0,Gas,Automatic,37800,Jeddah,9,106000.00000000001,125418,19418,18.3,Good (10-25%)
128,Audi,A8,2014,Saudi,Grey,Semi Full,3.0,Gas,Automatic,160,Riyadh,12,90000.00000000001,57218,32782,36.4,Fair (25-50%)
129,Toyota,Hiace,2017,Saudi,White,Standard,2.7,Gas,Manual,133148,Riyadh,9,70000.00000000001,68437,1563,2.2,Excellent (<10%)
130,Hyundai,Accent,2017,Saudi,White,Standard,1.4,Gas,Automatic,150000,Riyadh,9,31000.000000000015,25762,5238,16.9,Good (10-25%)
131,Toyota,Innova,2020,Saudi,White,Standard,2.7,Gas,Automatic,50000,Dammam,6,83000.0,80022,2978,3.6,Excellent (<10%)
132,Nissan,VTC,2006,Saudi,Brown,Standard,4.0,Gas,Automatic,317109,Riyadh,20,35000.00000000001,17558,17442,49.8,Fair (25-50%)
133,Hyundai,Elantra,2019,Saudi,White,Standard,1.6,Gas,Automatic,64788,Riyadh,7,55499.99999999996,51055,4445,8.0,Excellent (<10%)
134,Mercedes,CL,2011,Saudi,Navy,Full,4.0,Gas,Automatic,60000,Dammam,15,170000.00000000012,66711,103289,60.8,Poor (>50%)
135,Toyota,Land Cruiser,2006,Gulf Arabic,White,Full,4.7,Gas,Automatic,382,Al-Ahsa,20,44999.999999999985,62984,17984,40.0,Fair (25-50%)
136,Mercedes,SEL,1989,Other,Blue,Full,3.0,Gas,Automatic,186000,Riyadh,37,55000.00000000004,31404,23596,42.9,Fair (25-50%)
137,Honda,Accord,2019,Saudi,Silver,Semi Full,1.5,Gas,Automatic,11000,Al-Ahsa,7,95800.00000000001,85368,10432,10.9,Good (10-25%)
138,Hyundai,Accent,2019,Saudi,White,Standard,1.4,Gas,Automatic,59800,Dammam,7,37000.00000000001,37088,88,0.2,Excellent (<10%)
139,Lexus,RX,2015,Saudi,Grey,Standard,3.5,Gas,Automatic,70000,Jeddah,11,95000.00000000001,82114,12886,13.6,Good (10-25%)
140,Ford,Expedition,2014,Saudi,Black,Semi Full,5.4,Gas,Automatic,108000,Jazan,12,60000.000000000015,56751,3249,5.4,Excellent (<10%)
141,Hyundai,Sonata,2016,Other,White,Full,1.6,Diesel,Automatic,78220,Qassim,10,61999.99999999997,53750,8250,13.3,Good (10-25%)
142,Hyundai,Accent,2017,Saudi,White,Standard,1.4,Gas,Automatic,204000,Riyadh,9,22999.999999999996,27460,4460,19.4,Good (10-25%)
143,Land Rover,Range Rover,2016,Gulf Arabic,Black,Full,5.0,Gas,Automatic,102000,Riyadh,10,252000.0000000001,256204,4204,1.7,Excellent (<10%)
144,Nissan,VTC,2009,Saudi,White,Semi Full,4.8,Gas,Manual,251000,Riyadh,17,60000.000000000015,34551,25449,42.4,Fair (25-50%)
145,Toyota,Hilux,2015,Saudi,White,Full,2.7,Gas,Manual,374000,Hail,11,71999.99999999996,59493,12507,17.4,Good (10-25%)
146,Nissan,Datsun,2015,Saudi,White,Semi Full,2.5,Gas,Manual,174436,Riyadh,11,35000.00000000001,36430,1430,4.1,Excellent (<10%)
147,Toyota,Hilux,2016,Saudi,White,Semi Full,2.7,Gas,Manual,210800,Dammam,10,61999.99999999997,65067,3067,4.9,Excellent (<10%)
148,Ford,Taurus,2015,Other,White,Full,3.5,Gas,Automatic,96000,Dammam,11,84999.99999999996,78093,6907,8.1,Excellent (<10%)
149,Chevrolet,Colorado,2013,Saudi,White,Standard,2.0,Gas,Manual,196000,Dammam,13,28000.00000000002,32478,4478,16.0,Good (10-25%)
150,Ford,Taurus,2014,Saudi,Brown,Standard,3.5,Gas,Automatic,211886,Al-Ahsa,12,41999.99999999999,51587,9587,22.8,Good (10-25%)
151,Land Rover,Range Rover,2019,Saudi,Another Color,Full,3.5,Gas,Automatic,38000,Dammam,7,375000.00000000006,199923,175077,46.7,Fair (25-50%)
152,Hyundai,Accent,2020,Saudi,Silver,Standard,1.4,Gas,Automatic,22550,Riyadh,6,41500.000000000015,42158,658,1.6,Excellent (<10%)
153,Hyundai,Tucson,2015,Saudi,White,Full,2.0,Gas,Automatic,251000,Riyadh,11,49000.00000000002,35865,13135,26.8,Fair (25-50%)
154,Hyundai,Sonata,2012,Saudi,White,Semi Full,2.4,Gas,Automatic,487000,Tabouk,14,18999.999999999985,24544,5544,29.2,Fair (25-50%)
155,Nissan,Patrol,2014,Saudi,White,Semi Full,5.6,Gas,Automatic,200000,Dammam,12,104999.99999999997,71537,33463,31.9,Fair (25-50%)
156,Land Rover,Range Rover,2006,Saudi,White,Full,5.0,Gas,Automatic,300000,Tabouk,20,25000.000000000004,21886,3114,12.5,Good (10-25%)
157,Lexus,LS,1997,Saudi,Green,Full,4.0,Gas,Automatic,361000,Riyadh,29,11999.999999999998,22426,10426,86.9,Poor (>50%)
158,Chevrolet,Tahoe,2008,Other,Black,Full,3.9,Gas,Automatic,300,Aseer,18,28999.999999999996,31729,2729,9.4,Excellent (<10%)
159,Nissan,Sunny,2019,Saudi,Silver,Standard,1.5,Gas,Automatic,98659,Riyadh,7,27499.99999999998,27273,227,0.8,Excellent (<10%)
160,Mitsubishi,Pajero,2016,Gulf Arabic,Grey,Full,3.8,Gas,Automatic,205000,Riyadh,10,60000.000000000015,59140,860,1.4,Excellent (<10%)
161,Renault,Fluence,2014,Saudi,Silver,Semi Full,1.6,Gas,Automatic,135000,Riyadh,12,17999.999999999993,22062,4062,22.6,Good (10-25%)
162,Chevrolet,Cruze,2016,Saudi,White,Standard,1.8,Gas,Automatic,154000,Riyadh,10,25000.000000000004,25430,430,1.7,Excellent (<10%)
163,Hyundai,Elantra,2017,Other,Silver,Standard,1.6,Diesel,Automatic,86000,Dammam,9,46999.99999999999,46886,114,0.2,Excellent (<10%)
164,Chevrolet,Traverse,2014,Unknown,Black,Standard,3.6,Gas,Automatic,195000,Riyadh,12,41999.99999999999,47314,5314,12.7,Good (10-25%)
165,Toyota,Land Cruiser Pickup,2013,Saudi,Another Color,Semi Full,4.0,Gas,Manual,105154,Riyadh,13,84999.99999999996,76487,8513,10.0,Excellent (<10%)
166,Toyota,Camry,2016,Other,White,Standard,2.5,Gas,Automatic,148254,Qassim,10,58999.99999999997,54475,4525,7.7,Excellent (<10%)
167,Nissan,Datsun,2016,Saudi,White,Semi Full,2.4,Gas,Manual,87300,Dammam,10,53500.00000000004,50499,3001,5.6,Excellent (<10%)
168,Mercedes,S,2014,Gulf Arabic,Blue,Full,5.0,Gas,Automatic,124000,Dammam,12,215000.0,192919,22081,10.3,Good (10-25%)
169,Toyota,Corolla,2001,Saudi,Another Color,Standard,8.1,Gas,Manual,600,Jazan,25,9500.000000000005,23529,14029,147.7,Poor (>50%)
170,Changan,CS75,2020,Saudi,Red,Standard,1.6,Gas,Automatic,8000,Jeddah,6,61999.99999999997,55751,6249,10.1,Good (10-25%)
171,Dodge,Charger,2013,Saudi,Black,Full,5.7,Gas,Automatic,216841,Abha,13,40000.0,45387,5387,13.5,Good (10-25%)
172,Honda,Odyssey,2015,Gulf Arabic,Brown,Full,2.7,Gas,Automatic,123000,Riyadh,11,58999.99999999997,59801,801,1.4,Excellent (<10%)
173,Toyota,Hilux,2019,Saudi,White,Full,2.7,Gas,Manual,28000,Aseer,7,72500.0,84153,11653,16.1,Good (10-25%)
174,GMC,Yukon,2015,Other,Grey,Full,5.3,Gas,Automatic,130000,Makkah,11,127999.99999999997,106465,21535,16.8,Good (10-25%)
175,Mercedes,S,2016,Other,White,Full,4.7,Gas,Automatic,95061,Riyadh,10,236499.99999999983,250291,13791,5.8,Excellent (<10%)
176,GMC,Acadia,2012,Gulf Arabic,White,Full,3.6,Gas,Automatic,220000,Riyadh,14,40000.0,37304,2696,6.7,Excellent (<10%)
177,Mitsubishi,L300,2014,Saudi,White,Standard,2.0,Gas,Manual,120000,Riyadh,12,22999.999999999996,38816,15816,68.8,Poor (>50%)
178,Geely,Azkarra,2021,Saudi,White,Full,1.5,Gas,Automatic,23000,Dammam,5,75000.00000000004,61285,13715,18.3,Good (10-25%)
179,GMC,Yukon,2017,Saudi,Silver,Standard,5.3,Gas,Automatic,148450,Riyadh,9,128500.00000000004,124777,3723,2.9,Excellent (<10%)
180,GMC,Yukon,2011,Saudi,Another Color,Full,5.3,Gas,Automatic,350000,Riyadh,15,55000.00000000004,51542,3458,6.3,Excellent (<10%)
181,Hyundai,Elantra,2016,Other,White,Full,1.6,Diesel,Automatic,74000,Jeddah,10,50000.000000000015,48918,1082,2.2,Excellent (<10%)
182,BMW,The 7,2019,Saudi,White,Semi Full,2.0,Gas,Automatic,49000,Jeddah,7,194000.00000000006,132404,61596,31.8,Fair (25-50%)
183,Audi,Q7,2007,Saudi,White,Full,7.0,Gas,Automatic,180000,Riyadh,19,50000.000000000015,37981,12019,24.0,Good (10-25%)
184,Mazda,CX9,2011,Saudi,Oily,Full,3.7,Gas,Automatic,315000,Al-Medina,15,32999.99999999999,33234,234,0.7,Excellent (<10%)
185,Toyota,Hilux,2012,Saudi,White,Full,2.5,Gas,Manual,335200,Sakaka,14,50000.000000000015,30670,19330,38.7,Fair (25-50%)
186,Hyundai,Accent,2019,Saudi,Grey,Standard,1.4,Gas,Automatic,73567,Riyadh,7,36499.99999999998,37896,1396,3.8,Excellent (<10%)
187,Kia,Sportage,2018,Gulf Arabic,Bronze,Semi Full,2.0,Gas,Automatic,46000,Hafar Al-Batin,8,58599.999999999985,67058,8458,14.4,Good (10-25%)
188,Ford,Edge,2007,Gulf Arabic,Another Color,Full,3.5,Gas,Automatic,372400,Al-Ahsa,19,18999.999999999985,21139,2139,11.3,Good (10-25%)
189,Toyota,Yaris,2017,Saudi,White,Standard,1.6,Gas,Automatic,167000,Riyadh,9,28999.999999999996,35436,6436,22.2,Good (10-25%)
190,Mercedes,E,2018,Gulf Arabic,Black,Semi Full,2.0,Gas,Automatic,250000,Jeddah,8,104999.99999999997,111413,6413,6.1,Excellent (<10%)
191,Ford,Expedition,2013,Saudi,Black,Standard,5.4,Gas,Automatic,270000,Riyadh,13,49500.0,47454,2046,4.1,Excellent (<10%)
192,Toyota,Land Cruiser,2015,Saudi,White,Semi Full,4.0,Gas,Automatic,212000,Dammam,11,145000.00000000012,135082,9918,6.8,Excellent (<10%)
193,Toyota,Camry,2016,Gulf Arabic,White,Standard,2.5,Gas,Automatic,81000,Riyadh,10,61999.99999999997,59497,2503,4.0,Excellent (<10%)
194,Hyundai,Accent,2018,Saudi,White,Standard,1.4,Gas,Automatic,104681,Riyadh,8,36499.99999999998,32580,3920,10.7,Good (10-25%)
195,Toyota,FJ,2014,Saudi,Black,Full,4.0,Gas,Automatic,190000,Jeddah,12,84999.99999999996,79322,5678,6.7,Excellent (<10%)
196,Nissan,Sunny,2019,Saudi,Silver,Standard,1.5,Gas,Automatic,93762,Riyadh,7,26800.000000000022,28422,1622,6.1,Excellent (<10%)
197,Toyota,Corolla,2013,Saudi,White,Standard,1.6,Gas,Automatic,334000,Qassim,13,36499.99999999998,28747,7753,21.2,Good (10-25%)
198,Mercedes,C,2017,Other,Grey,Full,2.0,Gas,Automatic,20000,Jeddah,9,180000.00000000003,179376,624,0.3,Excellent (<10%)
199,Toyota,Land Cruiser,2019,Saudi,White,Full,4.6,Gas,Automatic,71000,Riyadh,7,199999.99999999997,231136,31136,15.6,Good (10-25%)
200,Toyota,Land Cruiser Pickup,1987,Saudi,Brown,Standard,1.0,Gas,Manual,388528,Al-Namas,39,20000.000000000015,16959,3041,15.2,Good (10-25%)
201,Changan,CS95,2020,Saudi,Black,Semi Full,2.0,Gas,Automatic,45000,Hafar Al-Batin,6,87999.99999999996,76213,11787,13.4,Good (10-25%)
202,Mercedes,S,1992,Other,Green,Full,3.0,Gas,Automatic,8400,Dammam,34,80000.0,23830,56170,70.2,Poor (>50%)
203,Toyota,Camry,2017,Saudi,White,Semi Full,2.5,Gas,Automatic,151233,Riyadh,9,56000.000000000044,56040,40,0.1,Excellent (<10%)
204,GMC,Suburban,2004,Other,Black,Full,5.3,Gas,Automatic,452800,Jazan,22,17999.999999999993,18470,470,2.6,Excellent (<10%)
205,Toyota,Furniture,2020,Saudi,Silver,Standard,4.0,Gas,Automatic,21373,Riyadh,6,131999.9999999999,133054,1054,0.8,Excellent (<10%)
206,Hyundai,Accent,2017,Saudi,White,Standard,1.4,Gas,Automatic,138000,Jeddah,9,23999.99999999999,27993,3993,16.6,Good (10-25%)
207,Ford,Expedition,2014,Saudi,Grey,Semi Full,5.4,Gas,Automatic,150000,Riyadh,12,52000.000000000044,57883,5883,11.3,Good (10-25%)
208,Chevrolet,Traverse,2011,Other,Silver,Standard,3.6,Gas,Automatic,100000,Besha,15,20000.000000000015,28312,8312,41.6,Fair (25-50%)
209,Toyota,Camry,2014,Saudi,White,Standard,2.4,Gas,Automatic,183000,Dammam,12,33999.99999999999,43961,9961,29.3,Fair (25-50%)
210,Ford,Expedition,2013,Other,Black,Standard,1.4,Gas,Automatic,190000,Riyadh,13,46999.99999999999,28930,18070,38.4,Fair (25-50%)
211,Lexus,ES,2015,Gulf Arabic,Black,Semi Full,3.5,Gas,Automatic,104000,Riyadh,11,104999.99999999997,81892,23108,22.0,Good (10-25%)
212,Honda,Odyssey,2015,Saudi,Grey,Standard,3.5,Gas,Automatic,192000,Dammam,11,58000.00000000003,55492,2508,4.3,Excellent (<10%)
213,Nissan,X-Trail,2018,Saudi,Black,Standard,2.5,Gas,Automatic,78794,Jeddah,8,67999.99999999999,70239,2239,3.3,Excellent (<10%)
214,Kia,Carnival,2016,Saudi,Black,Full,3.3,Gas,Automatic,120000,Riyadh,10,70000.00000000001,67611,2389,3.4,Excellent (<10%)
215,Mitsubishi,Pajero,2012,Saudi,White,Standard,3.8,Gas,Automatic,104330,Riyadh,14,41500.000000000015,41661,161,0.4,Excellent (<10%)
216,Land Rover,Range Rover,2015,Saudi,Another Color,Full,2.0,Gas,Automatic,113000,Dammam,11,100000.00000000004,84388,15612,15.6,Good (10-25%)
217,Toyota,Prado,2006,Saudi,White,Standard,2.5,Gas,Manual,300000,Aseer,20,40000.0,17223,22777,56.9,Poor (>50%)
218,Toyota,Hilux,2016,Gulf Arabic,White,Standard,2.7,Gas,Manual,172632,Dammam,10,62999.99999999995,64701,1701,2.7,Excellent (<10%)
219,Kia,Cadenza,2016,Saudi,White,Standard,3.5,Gas,Automatic,130000,Riyadh,10,56000.000000000044,60397,4397,7.9,Excellent (<10%)
220,Toyota,FJ,2016,Saudi,Black,Semi Full,4.0,Gas,Automatic,381000,Riyadh,10,87999.99999999996,76553,11447,13.0,Good (10-25%)
221,Nissan,Sunny,2017,Saudi,Silver,Standard,1.5,Gas,Automatic,76672,Dammam,9,28000.00000000002,26756,1244,4.4,Excellent (<10%)
222,Lexus,LX,2009,Gulf Arabic,White,Full,5.7,Gas,Automatic,293000,Riyadh,17,122000.00000000003,52458,69542,57.0,Poor (>50%)
223,Fiat,500,2020,Saudi,Navy,Full,1.4,Gas,Automatic,7000,Riyadh,6,75000.00000000004,69962,5038,6.7,Excellent (<10%)
224,GMC,Yukon,2015,Saudi,Silver,Standard,5.3,Gas,Automatic,170000,Arar,11,102000.00000000001,116943,14943,14.6,Good (10-25%)
225,Hyundai,Sonata,2017,Saudi,Silver,Standard,2.4,Gas,Automatic,127000,Riyadh,9,43000.00000000002,49019,6019,14.0,Good (10-25%)
226,GMC,Sierra,2017,Saudi,Navy,Full,5.3,Gas,Automatic,94000,Dammam,9,116999.99999999991,121840,4840,4.1,Excellent (<10%)
227,Ford,Expedition,2016,Saudi,White,Standard,3.5,Gas,Automatic,103000,Riyadh,10,83000.0,78396,4604,5.5,Excellent (<10%)
228,Kia,Picanto,2017,Saudi,White,Standard,1.0,Gas,Automatic,141000,Al-Medina,9,22500.000000000015,28839,6339,28.2,Fair (25-50%)
229,Ford,Expedition,2012,Saudi,Grey,Semi Full,3.6,Gas,Automatic,170000,Riyadh,14,44999.999999999985,40595,4405,9.8,Excellent (<10%)
230,Mazda,6,2019,Saudi,Silver,Semi Full,2.5,Gas,Automatic,108000,Qassim,7,75000.00000000004,70827,4173,5.6,Excellent (<10%)
231,Lexus,GS,2015,Saudi,White,Semi Full,3.5,Gas,Automatic,224,Riyadh,11,87999.99999999996,79514,8486,9.6,Excellent (<10%)
232,Chevrolet,Silverado,2019,Gulf Arabic,Black,Full,5.3,Gas,Automatic,77000,Khobar,7,185000.00000000006,146556,38444,20.8,Good (10-25%)
233,BMW,The 7,2014,Saudi,Navy,Full,6.0,Gas,Automatic,182000,Jeddah,12,90000.00000000001,83004,6996,7.8,Excellent (<10%)
234,Hyundai,Elantra,2018,Saudi,Brown,Semi Full,1.6,Gas,Automatic,81000,Riyadh,8,43999.99999999997,47104,3104,7.1,Excellent (<10%)
235,Kia,Optima,2015,Saudi,Navy,Semi Full,2.4,Gas,Automatic,359000,Riyadh,11,31999.999999999993,35023,3023,9.4,Excellent (<10%)
236,Nissan,KICKS,2019,Saudi,White,Standard,1.5,Gas,Automatic,28000,Jeddah,7,58000.00000000003,42838,15162,26.1,Fair (25-50%)
237,Kia,Cerato,2018,Gulf Arabic,White,Standard,1.6,Gas,Automatic,215000,Al-Medina,8,29999.99999999999,38481,8481,28.3,Fair (25-50%)
238,Hyundai,Accent,2019,Saudi,Silver,Standard,1.4,Gas,Automatic,72500,Dammam,7,40000.0,39054,946,2.4,Excellent (<10%)
239,Kia,Cadenza,2017,Saudi,Silver,Standard,3.3,Gas,Automatic,83000,Riyadh,9,50000.000000000015,62547,12547,25.1,Fair (25-50%)
240,Nissan,Datsun,2015,Other,White,Full,2.4,Gas,Manual,261000,Taef,11,35000.00000000001,34703,297,0.8,Excellent (<10%)
241,Chevrolet,Impala,2017,Saudi,Navy,Semi Full,3.6,Gas,Automatic,122102,Riyadh,9,53500.00000000004,66993,13493,25.2,Fair (25-50%)
242,GMC,Suburban,2016,Saudi,Bronze,Full,5.3,Gas,Automatic,240000,Riyadh,10,109999.99999999991,98734,11266,10.2,Good (10-25%)
243,Toyota,Innova,2016,Saudi,White,Semi Full,2.7,Gas,Automatic,330,Hafar Al-Batin,10,46000.000000000044,64739,18739,40.7,Fair (25-50%)
244,Hyundai,Sonata,2016,Gulf Arabic,Blue,Full,1.5,Gas,Automatic,73000,Tabouk,10,62999.99999999995,51351,11649,18.5,Good (10-25%)
245,Toyota,Camry,2014,Saudi,Red,Semi Full,2.5,Gas,Automatic,117000,Jeddah,12,43000.00000000002,43607,607,1.4,Excellent (<10%)
246,Isuzu,D-MAX,2020,Saudi,White,Full,3.0,Diesel,Automatic,37000,Qassim,6,124999.9999999999,146321,21321,17.1,Good (10-25%)
247,BMW,The 5,2016,Gulf Arabic,White,Full,2.0,Gas,Automatic,105000,Riyadh,10,84999.99999999996,85030,30,0.0,Excellent (<10%)
248,Toyota,Camry,2013,Other,Black,Standard,2.5,Gas,Automatic,214,Dammam,13,41999.99999999999,39345,2655,6.3,Excellent (<10%)
249,Mercury,Grand Marquis,2000,Saudi,Silver,Semi Full,3.8,Gas,Automatic,179000,Dammam,26,13999.999999999995,12494,1506,10.8,Good (10-25%)
250,Toyota,Land Cruiser,2003,Saudi,White,Standard,4.6,Gas,Manual,300,Riyadh,23,40000.0,41124,1124,2.8,Excellent (<10%)
251,Kia,Cerato,2016,Saudi,Black,Standard,1.6,Gas,Automatic,62000,Khobar,10,29749.99999999998,31746,1996,6.7,Excellent (<10%)
252,GMC,Sierra,2017,Gulf Arabic,Black,Full,5.3,Gas,Automatic,108000,Riyadh,9,95000.00000000001,123489,28489,30.0,Fair (25-50%)
253,Toyota,Land Cruiser,2006,Saudi,White,Standard,4.5,Gas,Manual,86000,Dammam,20,90000.00000000001,59855,30145,33.5,Fair (25-50%)
254,Land Rover,Range Rover,2016,Gulf Arabic,White,Full,5.0,Gas,Automatic,132000,Riyadh,10,235000.0,243662,8662,3.7,Excellent (<10%)
255,Hyundai,Elantra,2013,Other,Silver,Semi Full,1.6,Gas,Automatic,169,Riyadh,13,20000.000000000015,22229,2229,11.1,Good (10-25%)
256,Hyundai,Accent,2018,Saudi,Grey,Standard,1.4,Gas,Automatic,93788,Riyadh,8,28999.999999999996,33694,4694,16.2,Good (10-25%)
257,Ford,Expedition,2012,Saudi,Black,Standard,5.4,Gas,Automatic,195000,Riyadh,14,44999.999999999985,46510,1510,3.4,Excellent (<10%)
258,Mitsubishi,Pajero,2019,Saudi,Golden,Standard,3.5,Gas,Automatic,8968,Riyadh,7,81499.99999999996,105168,23668,29.0,Fair (25-50%)
259,Renault,Fluence,2015,Saudi,Grey,Semi Full,1.6,Gas,Automatic,116633,Riyadh,11,25500.000000000004,25066,434,1.7,Excellent (<10%)
260,Geely,EC7,2014,Saudi,Golden,Full,1.8,Gas,Manual,161300,Riyadh,12,11999.999999999998,25151,13151,109.6,Poor (>50%)
261,GMC,Suburban,2004,Other,Oily,Standard,1.1,Gas,Automatic,212,Riyadh,22,13999.999999999995,14579,579,4.1,Excellent (<10%)
262,Chevrolet,Malibu,2017,Gulf Arabic,White,Standard,2.4,Gas,Automatic,117000,Riyadh,9,44999.999999999985,47953,2953,6.6,Excellent (<10%)
263,GMC,Yukon,2010,Gulf Arabic,Golden,Semi Full,5.3,Gas,Automatic,335000,Riyadh,16,31999.999999999993,48825,16825,52.6,Poor (>50%)
264,Toyota,Land Cruiser,2001,Gulf Arabic,Black,Semi Full,4.6,Gas,Automatic,390000,Dammam,25,35000.00000000001,43869,8869,25.3,Fair (25-50%)
265,Mercedes,S,2020,Gulf Arabic,Black,Full,3.0,Gas,Automatic,46000,Dammam,6,364999.99999999977,322408,42592,11.7,Good (10-25%)
266,Mitsubishi,Other,2006,Saudi,White,Standard,2.5,Diesel,Manual,140000,Al-Medina,20,44999.999999999985,19188,25812,57.4,Poor (>50%)
267,HAVAL,H6,2020,Saudi,Blue,Full,1.5,Gas,Automatic,9000,Riyadh,6,70000.00000000001,52772,17228,24.6,Good (10-25%)
268,Victory Auto,Van R,2017,Saudi,Golden,Full,1.2,Gas,Manual,1500,Hafar Al-Batin,9,31000.000000000015,48761,17761,57.3,Poor (>50%)
269,Hyundai,Creta,2017,Saudi,Silver,Semi Full,1.6,Gas,Automatic,120000,Jeddah,9,50000.000000000015,43722,6278,12.6,Good (10-25%)
270,GMC,Sierra,2014,Other,Brown,Full,5.3,Gas,Automatic,235,Najran,12,71999.99999999996,39990,32010,44.5,Fair (25-50%)
271,Toyota,Camry,2009,Saudi,Blue,Full,2.5,Gas,Automatic,317,Jeddah,17,21999.999999999993,29620,7620,34.6,Fair (25-50%)
272,Kia,Sorento,2010,Saudi,Black,Semi Full,3.3,Gas,Automatic,213000,Jeddah,16,21999.999999999993,25374,3374,15.3,Good (10-25%)
273,Honda,Civic,2008,Unknown,Silver,Standard,1.6,Gas,Automatic,450000,Dammam,18,14999.99999999999,13976,1024,6.8,Excellent (<10%)
274,Hyundai,Accent,2019,Saudi,Bronze,Semi Full,1.4,Gas,Automatic,25000,Al-Medina,7,39000.0,45303,6303,16.2,Good (10-25%)
275,Toyota,Hilux,2016,Gulf Arabic,White,Full,2.7,Gas,Manual,161000,Arar,10,67999.99999999999,67392,608,0.9,Excellent (<10%)
276,Ford,Taurus,2016,Saudi,Black,Standard,3.5,Gas,Automatic,103000,Jeddah,10,70000.00000000001,70598,598,0.9,Excellent (<10%)
277,GMC,Suburban,2006,Other,Golden,Semi Full,5.3,Gas,Automatic,238,Riyadh,20,29999.99999999999,20711,9289,31.0,Fair (25-50%)
278,Hyundai,Accent,2019,Saudi,White,Standard,1.4,Gas,Automatic,72000,Jeddah,7,36499.99999999998,36859,359,1.0,Excellent (<10%)
279,Hyundai,Accent,2017,Saudi,Grey,Semi Full,1.4,Gas,Automatic,147000,Riyadh,9,28999.999999999996,25622,3378,11.6,Good (10-25%)
280,Lexus,ES,2014,Saudi,Another Color,Semi Full,3.5,Gas,Automatic,121000,Dammam,12,90000.00000000001,77821,12179,13.5,Good (10-25%)
281,Dodge,Durango,2012,Saudi,White,Full,6.0,Gas,Automatic,284000,Jeddah,14,32999.99999999999,48170,15170,46.0,Fair (25-50%)
282,Kia,Rio,2012,Other,Grey,Full,1.4,Gas,Automatic,179,Riyadh,14,17999.999999999993,24949,6949,38.6,Fair (25-50%)
283,Honda,Accord,2014,Saudi,White,Semi Full,4.0,Gas,Automatic,349000,Riyadh,12,48000.00000000004,58436,10436,21.7,Good (10-25%)
284,Mercedes,CLS,2007,Saudi,Black,Full,6.3,Gas,Automatic,178000,Dammam,19,32999.99999999999,47735,14735,44.7,Fair (25-50%)
285,BMW,The 5,2019,Saudi,Another Color,Standard,2.0,Gas,Automatic,49528,Jeddah,7,138000.00000000006,113049,24951,18.1,Good (10-25%)
286,Nissan,VTC,2000,Saudi,White,Semi Full,4.8,Gas,Manual,490000,Dammam,26,29999.99999999999,19249,10751,35.8,Fair (25-50%)
287,Ford,Mustang,2016,Other,Red,Full,2.3,Gas,Automatic,84000,Dammam,10,96999.99999999999,86136,10864,11.2,Good (10-25%)
288,Dodge,Charger,2013,Other,Black,Full,5.7,Gas,Automatic,175,Taef,13,38000.000000000015,51378,13378,35.2,Fair (25-50%)
289,Chevrolet,Malibu,2013,Saudi,Red,Semi Full,2.4,Gas,Automatic,233000,Abha,13,20000.000000000015,27008,7008,35.0,Fair (25-50%)
290,Honda,Accord,2016,Gulf Arabic,Golden,Standard,2.4,Gas,Automatic,130000,Qassim,10,60999.999999999956,61109,109,0.2,Excellent (<10%)
291,Toyota,Land Cruiser,2013,Saudi,White,Full,4.6,Gas,Automatic,280,Najran,13,100000.00000000004,88945,11055,11.1,Good (10-25%)
292,Ford,Expedition,2008,Saudi,Blue,Semi Full,5.4,Gas,Automatic,346000,Dammam,18,26999.999999999978,21892,5108,18.9,Good (10-25%)
293,Toyota,Innova,2017,Saudi,White,Full,2.7,Gas,Automatic,139400,Tabouk,9,58000.00000000003,67849,9849,17.0,Good (10-25%)
294,INFINITI,QX,2019,Saudi,Grey,Full,3.7,Gas,Automatic,19800,Riyadh,7,130000.00000000009,135780,5780,4.4,Excellent (<10%)
295,Toyota,Hilux,2016,Saudi,White,Standard,2.7,Gas,Manual,165000,Dammam,10,62999.99999999995,65301,2301,3.7,Excellent (<10%)
296,Hyundai,Accent,2019,Saudi,White,Standard,1.4,Gas,Automatic,54000,Dammam,7,41999.99999999999,37882,4118,9.8,Excellent (<10%)
297,Toyota,Prado,2016,Saudi,White,Semi Full,4.0,Gas,Automatic,192901,Riyadh,10,114499.99999999991,103044,11456,10.0,Excellent (<10%)
298,Toyota,Camry,2016,Saudi,Grey,Semi Full,2.4,Gas,Automatic,77000,Riyadh,10,62999.99999999995,60509,2491,4.0,Excellent (<10%)
299,Chevrolet,Malibu,2014,Saudi,Black,Full,3.0,Gas,Automatic,145000,Riyadh,12,46000.000000000044,59167,13167,28.6,Fair (25-50%)
300,Ford,Taurus,2019,Saudi,Black,Standard,2.0,Gas,Automatic,49000,Riyadh,7,82000.0,75223,6777,8.3,Excellent (<10%)
301,Nissan,Patrol,2005,Saudi,Another Color,Full,4.0,Gas,Automatic,340000,Dammam,21,35000.00000000001,19422,15578,44.5,Fair (25-50%)
302,Toyota,Hilux,2016,Gulf Arabic,White,Full,2.7,Gas,Manual,106000,Khobar,10,73000.00000000003,69701,3299,4.5,Excellent (<10%)
303,Ford,Expedition,2014,Saudi,Black,Standard,5.4,Gas,Automatic,151000,Riyadh,12,70000.00000000001,50646,19354,27.6,Fair (25-50%)
304,Hyundai,Senta fe,2016,Saudi,White,Semi Full,3.3,Gas,Automatic,255000,Aseer,10,50999.999999999985,54763,3763,7.4,Excellent (<10%)
305,Hyundai,Sonata,2018,Saudi,Grey,Standard,2.4,Gas,Automatic,55000,Riyadh,8,60000.000000000015,56436,3564,5.9,Excellent (<10%)
306,Chevrolet,Impala,2018,Saudi,Black,Standard,3.6,Gas,Automatic,52000,Riyadh,8,75000.00000000004,81635,6635,8.8,Excellent (<10%)
307,Toyota,Camry,2010,Saudi,Grey,Semi Full,2.5,Gas,Automatic,240000,Dammam,16,29999.99999999999,25833,4167,13.9,Good (10-25%)
308,Chevrolet,Suburban,2008,Other,Black,Full,5.3,Gas,Automatic,263,Taef,18,31999.999999999993,35185,3185,10.0,Excellent (<10%)
309,Chevrolet,Impala,2015,Other,Silver,Full,3.6,Gas,Automatic,106000,Dammam,11,79000.00000000006,85316,6316,8.0,Excellent (<10%)
310,Lincoln,Continental GT,2020,Saudi,Grey,Semi Full,3.7,Gas,Automatic,3500,Dammam,6,249999.9999999998,144147,105853,42.3,Fair (25-50%)
311,GMC,Suburban,2006,Saudi,Silver,Standard,6.0,Gas,Automatic,266,Yanbu,20,29999.99999999999,30144,144,0.5,Excellent (<10%)
312,إ koda,Fabia,2007,Saudi,Red,Standard,1.2,Gas,Manual,219000,Riyadh,19,6000.000000000005,12217,6217,103.6,Poor (>50%)
313,Toyota,Land Cruiser,2015,Saudi,White,Full,4.0,Gas,Manual,136000,Riyadh,11,139999.9999999999,141248,1248,0.9,Excellent (<10%)
314,Nissan,Pathfinder,2014,Saudi,White,Semi Full,3.5,Gas,Automatic,198000,Dammam,12,50000.000000000015,48443,1557,3.1,Excellent (<10%)
315,Hyundai,Accent,2017,Saudi,White,Standard,1.4,Gas,Automatic,112972,Dammam,9,28999.999999999996,29355,355,1.2,Excellent (<10%)
316,Mercedes,S,2017,Other,White,Full,3.0,Gas,Automatic,26000,Riyadh,9,244999.99999999997,261760,16760,6.8,Excellent (<10%)
317,Toyota,Camry,2017,Saudi,Silver,Semi Full,2.5,Gas,Automatic,78000,Riyadh,9,60000.000000000015,61659,1659,2.8,Excellent (<10%)
318,Ford,Other,2016,Saudi,Another Color,Full,3.2,Gas,Automatic,15500,Riyadh,10,90000.00000000001,81137,8863,9.8,Excellent (<10%)
319,Chevrolet,Tahoe,2016,Gulf Arabic,Golden,Semi Full,5.3,Gas,Automatic,97000,Riyadh,10,134999.99999999997,124421,10579,7.8,Excellent (<10%)
320,Kia,Carenz,2015,Saudi,White,Standard,2.0,Gas,Automatic,147,Riyadh,11,31999.999999999993,40264,8264,25.8,Fair (25-50%)
321,Kia,Sportage,2019,Saudi,Golden,Standard,1.6,Gas,Automatic,43000,Khobar,7,67999.99999999999,60499,7501,11.0,Good (10-25%)
322,Lexus,ES,2019,Gulf Arabic,Red,Semi Full,2.5,Gas,Automatic,13029,Riyadh,7,145000.00000000012,129879,15121,10.4,Good (10-25%)
323,Chevrolet,Caprice,2013,Saudi,White,Full,6.0,Gas,Automatic,190000,Dammam,13,50000.000000000015,58851,8851,17.7,Good (10-25%)
324,Honda,Accord,2017,Saudi,White,Standard,2.4,Gas,Automatic,104000,Dammam,9,79000.00000000006,67588,11412,14.4,Good (10-25%)
325,Hyundai,Accent,2019,Saudi,Red,Standard,1.4,Gas,Automatic,89685,Riyadh,7,34499.99999999998,36632,2132,6.2,Excellent (<10%)
326,Hyundai,Elantra,2016,Saudi,Another Color,Standard,2.0,Gas,Automatic,119000,Riyadh,10,32999.99999999999,41703,8703,26.4,Fair (25-50%)
327,Ford,Explorer,2006,Other,Grey,Semi Full,3.5,Gas,Automatic,405000,Riyadh,20,17999.999999999993,11880,6120,34.0,Fair (25-50%)
328,Mazda,6,2017,Gulf Arabic,White,Standard,2.5,Gas,Automatic,70000,Riyadh,9,53000.00000000002,56720,3720,7.0,Excellent (<10%)
329,Honda,Odyssey,2012,Saudi,Brown,Standard,2.4,Gas,Automatic,178000,Riyadh,14,31999.999999999993,33174,1174,3.7,Excellent (<10%)
330,BMW,The 5,2016,Saudi,Another Color,Semi Full,2.0,Gas,Automatic,66000,Riyadh,10,90000.00000000001,88240,1760,2.0,Excellent (<10%)
331,GMC,Yukon,2016,Saudi,Golden,Semi Full,5.5,Gas,Automatic,145000,Al-Medina,10,100000.00000000004,116837,16837,16.8,Good (10-25%)
332,Nissan,Patrol,2021,Saudi,Silver,Full,4.0,Gas,Automatic,1800,Riyadh,5,265000.00000000006,156745,108255,40.9,Fair (25-50%)
333,Ford,Expedition,2014,Saudi,Another Color,Full,4.0,Gas,Automatic,116000,Riyadh,12,50000.000000000015,86219,36219,72.4,Poor (>50%)
334,Hyundai,Sonata,2019,Gulf Arabic,White,Standard,2.4,Gas,Automatic,35000,Riyadh,7,63999.99999999997,64392,392,0.6,Excellent (<10%)
335,Toyota,Corolla,2018,Saudi,Silver,Standard,1.6,Gas,Automatic,28000,Riyadh,8,54000.00000000001,48177,5823,10.8,Good (10-25%)
336,Mitsubishi,Pajero,2016,Saudi,White,Full,3.8,Gas,Automatic,75000,Jeddah,10,70000.00000000001,71964,1964,2.8,Excellent (<10%)
337,Chevrolet,Silverado,2018,Saudi,Silver,Standard,5.3,Gas,Automatic,127000,Dammam,8,84999.99999999996,99959,14959,17.6,Good (10-25%)
338,Toyota,Corolla,2018,Saudi,Silver,Standard,1.6,Gas,Automatic,73000,Dammam,8,44999.999999999985,48208,3208,7.1,Excellent (<10%)
339,GMC,Yukon,2018,Saudi,Grey,Standard,5.3,Gas,Automatic,107000,Dammam,8,145000.00000000012,129355,15645,10.8,Good (10-25%)
340,Ford,Victoria,2002,Saudi,Oily,Standard,4.6,Gas,Automatic,368000,Aseer,24,10000.00000000001,8782,1218,12.2,Good (10-25%)
341,BMW,The 7,2006,Saudi,Red,Full,2.8,Gas,Automatic,220,Jeddah,20,25999.999999999985,19098,6902,26.5,Fair (25-50%)
342,Ford,Expedition,2016,Saudi,Red,Standard,3.5,Gas,Automatic,70263,Riyadh,10,89000.00000000004,81380,7620,8.6,Excellent (<10%)
343,Ford,Edge,2014,Saudi,White,Full,3.5,Gas,Automatic,186000,Al-Ahsa,12,54000.00000000001,52033,1967,3.6,Excellent (<10%)
344,Lexus,LS,2002,Saudi,White,Full,4.6,Gas,Automatic,500,Riyadh,24,25999.999999999985,25501,499,1.9,Excellent (<10%)
345,Hyundai,Azera,2008,Saudi,Black,Semi Full,2.7,Gas,Automatic,407767,Dammam,18,16999.99999999999,23746,6746,39.7,Fair (25-50%)
346,Toyota,Land Cruiser,2006,Saudi,White,Full,4.5,Gas,Automatic,311100,Al-Medina,20,62999.99999999995,57881,5119,8.1,Excellent (<10%)
347,Jaguar,XF,2017,Saudi,Black,Full,2.0,Gas,Automatic,100000,Aseer,9,95000.00000000001,72784,22216,23.4,Good (10-25%)
348,Mazda,6,2015,Gulf Arabic,Another Color,Semi Full,2.0,Gas,Automatic,278,Jubail,11,40000.0,42731,2731,6.8,Excellent (<10%)
349,Ford,Expedition,2007,Other,Black,Semi Full,5.4,Gas,Automatic,250000,Riyadh,19,25000.000000000004,21671,3329,13.3,Good (10-25%)
350,Land Rover,Range Rover,2009,Saudi,Black,Full,5.0,Gas,Automatic,195000,Jeddah,17,44999.999999999985,48271,3271,7.3,Excellent (<10%)
351,Toyota,Prado,2015,Saudi,White,Full,1.6,Gas,Automatic,55000,Jubail,11,130000.00000000009,47749,82251,63.3,Poor (>50%)
352,Chevrolet,Caprice,2013,Saudi,White,Standard,6.2,Gas,Automatic,209861,Riyadh,13,64999.999999999956,46996,18004,27.7,Fair (25-50%)
353,Hyundai,Accent,2018,Saudi,Silver,Standard,1.4,Gas,Automatic,69000,Riyadh,8,35000.00000000001,32157,2843,8.1,Excellent (<10%)
354,GMC,Yukon,2018,Saudi,Navy,Semi Full,5.3,Gas,Automatic,114000,Al-Ahsa,8,152000.00000000006,121510,30490,20.1,Good (10-25%)
355,Hyundai,Accent,2005,Saudi,White,Standard,1.5,Gas,Manual,294602,Dammam,21,5000.000000000003,9540,4540,90.8,Poor (>50%)
356,Nissan,VTC,2016,Saudi,White,Semi Full,4.8,Gas,Manual,307801,Riyadh,10,99000.00000000004,71777,27223,27.5,Fair (25-50%)
357,Lincoln,MKX,2016,Other,White,Full,3.7,Gas,Automatic,99000,Dammam,10,100000.00000000004,91431,8569,8.6,Excellent (<10%)
358,Hyundai,Accent,2016,Other,White,Standard,1.4,Gas,Automatic,151000,Jeddah,10,25000.000000000004,25652,652,2.6,Excellent (<10%)
359,Hyundai,Tucson,2016,Saudi,White,Standard,2.0,Gas,Automatic,155000,Dammam,10,44999.999999999985,48327,3327,7.4,Excellent (<10%)
360,Toyota,Land Cruiser,1999,Other,Silver,Semi Full,4.6,Gas,Manual,175000,Riyadh,27,57000.000000000044,35842,21158,37.1,Fair (25-50%)
361,Toyota,Land Cruiser,2013,Saudi,White,Full,4.0,Gas,Automatic,200000,Dammam,13,124999.9999999999,123860,1140,0.9,Excellent (<10%)
362,GMC,Yukon,2015,Saudi,Golden,Semi Full,5.3,Gas,Automatic,101060,Riyadh,11,124999.9999999999,120828,4172,3.3,Excellent (<10%)
363,Mazda,CX9,2014,Saudi,Grey,Semi Full,3.7,Gas,Automatic,289903,Riyadh,12,51499.99999999996,43096,8404,16.3,Good (10-25%)
364,Ford,Taurus,2017,Saudi,Silver,Standard,3.5,Gas,Automatic,125000,Khobar,9,61999.99999999997,72077,10077,16.3,Good (10-25%)
365,Hyundai,Elantra,2019,Saudi,White,Standard,1.6,Gas,Automatic,107133,Riyadh,7,48499.99999999998,45296,3204,6.6,Excellent (<10%)
366,Jeep,Wrangler,2018,Gulf Arabic,Black,Semi Full,4.6,Gas,Automatic,32000,Jeddah,8,129000.0000000001,139723,10723,8.3,Excellent (<10%)
367,Hyundai,Tucson,2020,Saudi,Brown,Semi Full,2.0,Gas,Automatic,44000,Riyadh,6,63999.99999999997,72871,8871,13.9,Good (10-25%)
368,GMC,Yukon,2008,Saudi,Black,Standard,5.3,Gas,Automatic,500000,Riyadh,18,32999.99999999999,35485,2485,7.5,Excellent (<10%)
369,Ford,Victoria,2008,Saudi,Golden,Standard,4.6,Gas,Automatic,21000,Riyadh,18,12999.999999999995,21501,8501,65.4,Poor (>50%)
370,Hyundai,H1,2010,Saudi,Blue,Standard,1.4,Gas,Automatic,147000,Riyadh,16,28999.999999999996,13515,15485,53.4,Poor (>50%)
371,Hyundai,Accent,2020,Saudi,White,Full,1.6,Gas,Automatic,34000,Jeddah,6,56000.000000000044,52560,3440,6.1,Excellent (<10%)
372,Toyota,Hilux,2018,Saudi,White,Full,2.7,Gas,Manual,48000,Aseer,8,90000.00000000001,84386,5614,6.2,Excellent (<10%)
373,Chevrolet,Silverado,2014,Saudi,Silver,Full,8.0,Gas,Automatic,48000,Al-Medina,12,100000.00000000004,100692,692,0.7,Excellent (<10%)
374,Chevrolet,Tahoe,2016,Saudi,Golden,Standard,5.3,Gas,Automatic,114344,Riyadh,10,121500.00000000007,114002,7498,6.2,Excellent (<10%)
375,BMW,The 6,2013,Saudi,Black,Full,3.0,Gas,Automatic,108000,Dammam,13,120000.00000000004,93292,26708,22.3,Good (10-25%)
376,Kia,Cadenza,2016,Saudi,White,Standard,3.3,Gas,Automatic,145000,Riyadh,10,62999.99999999995,57095,5905,9.4,Excellent (<10%)
377,Nissan,Patrol,2015,Saudi,White,Semi Full,4.8,Gas,Automatic,247000,Jeddah,11,75000.00000000004,86015,11015,14.7,Good (10-25%)
378,Toyota,Camry,2017,Saudi,Grey,Standard,2.5,Gas,Automatic,73000,Dammam,9,58000.00000000003,58690,690,1.2,Excellent (<10%)
379,Mercedes,ML,2013,Saudi,Brown,Full,3.5,Gas,Automatic,97000,Al-Medina,13,99000.00000000004,99763,763,0.8,Excellent (<10%)
380,Chevrolet,Impala,2014,Saudi,Black,Semi Full,3.6,Gas,Automatic,189000,Dammam,12,40000.0,51465,11465,28.7,Fair (25-50%)
381,Ford,Expedition,2014,Saudi,Black,Standard,5.4,Gas,Automatic,120000,Dammam,12,64999.999999999956,55954,9046,13.9,Good (10-25%)
382,Mitsubishi,Pajero,2012,Saudi,White,Standard,3.8,Gas,Automatic,85175,Riyadh,14,41500.000000000015,42027,527,1.3,Excellent (<10%)
383,Chevrolet,Silverado,2018,Saudi,Silver,Standard,4.3,Gas,Automatic,70000,Abha,8,76999.99999999997,109597,32597,42.3,Fair (25-50%)
384,Toyota,Hilux,2020,Gulf Arabic,White,Semi Full,2.7,Gas,Manual,15000,Riyadh,6,104999.99999999997,91161,13839,13.2,Good (10-25%)
385,Ford,Expedition,2014,Gulf Arabic,Navy,Semi Full,5.4,Gas,Automatic,132000,Riyadh,12,44999.999999999985,54211,9211,20.5,Good (10-25%)
386,Dodge,Charger,2020,Saudi,Black,Semi Full,3.6,Gas,Automatic,21000,Riyadh,6,120000.00000000004,122520,2520,2.1,Excellent (<10%)
387,GMC,Yukon,2015,Saudi,Black,Full,5.3,Gas,Automatic,166616,Riyadh,11,134999.99999999997,117425,17575,13.0,Good (10-25%)
388,Hyundai,Senta fe,2018,Saudi,Brown,Semi Full,3.3,Gas,Automatic,143405,Riyadh,8,74500.00000000001,66910,7590,10.2,Good (10-25%)
389,Chevrolet,Tahoe,2007,Other,White,Semi Full,5.3,Gas,Automatic,228400,Jazan,19,39000.0,29591,9409,24.1,Good (10-25%)
390,Toyota,FJ,2017,Gulf Arabic,Blue,Full,4.0,Gas,Automatic,158200,Jazan,9,104999.99999999997,110902,5902,5.6,Excellent (<10%)
391,Land Rover,Range Rover,2015,Saudi,White,Standard,2.0,Gas,Automatic,94000,Dammam,11,95999.99999999996,57452,38548,40.2,Fair (25-50%)
392,Hyundai,Sonata,2020,Other,White,Semi Full,2.4,Gas,Automatic,52000,Jeddah,6,1755.9999999999995,50575,48819,2780.1,
393,Chevrolet,Tahoe,2019,Gulf Arabic,White,Semi Full,5.3,Gas,Automatic,32300,Aseer,7,167999.9999999999,141565,26435,15.7,Good (10-25%)
394,Chevrolet,Optra,2010,Gulf Arabic,Silver,Full,1.6,Gas,Automatic,206000,Jeddah,16,8000.0000000000055,18181,10181,127.3,Poor (>50%)
395,Hyundai,Kona,2020,Saudi,Grey,Semi Full,2.0,Gas,Automatic,30271,Riyadh,6,70000.00000000001,64215,5785,8.3,Excellent (<10%)
396,Geely,GC7,2015,Saudi,Silver,Full,1.6,Gas,Automatic,140000,Taef,11,14999.99999999999,30689,15689,104.6,Poor (>50%)
397,Jeep,Compass,2016,Saudi,White,Full,2.4,Gas,Automatic,247885,Jazan,10,38999.00000000002,52739,13740,35.2,Fair (25-50%)
398,Toyota,Hilux,2018,Saudi,White,Full,2.7,Gas,Manual,35000,Arar,8,84999.99999999996,84631,369,0.4,Excellent (<10%)
399,Toyota,Corolla,2015,Gulf Arabic,Silver,Semi Full,2.5,Gas,Automatic,96000,Tabouk,11,40000.0,42040,2040,5.1,Excellent (<10%)
400,Chrysler,300,2016,Gulf Arabic,Another Color,Semi Full,3.6,Gas,Automatic,85000,Riyadh,10,77999.99999999994,78674,674,0.9,Excellent (<10%)
401,Ford,Focus,2013,Saudi,Silver,Standard,1.6,Gas,Automatic,145000,Riyadh,13,13999.999999999995,21890,7890,56.4,Poor (>50%)
402,Hyundai,Elantra,2020,Saudi,Grey,Standard,2.0,Gas,Automatic,56000,Riyadh,6,50000.000000000015,51744,1744,3.5,Excellent (<10%)
403,Chery,Tiggo,2021,Saudi,Grey,Standard,1.5,Gas,Automatic,4175,Riyadh,5,42500.00000000003,42367,133,0.3,Excellent (<10%)
404,GMC,Suburban,2005,Saudi,Another Color,Semi Full,5.3,Gas,Automatic,420000,Dammam,21,25000.000000000004,21538,3462,13.8,Good (10-25%)
405,Kia,Optima,2015,Saudi,White,Full,2.4,Gas,Automatic,129744,Al-Medina,11,49500.0,46916,2584,5.2,Excellent (<10%)
406,Lexus,RC,2015,Saudi,Another Color,Full,6.0,Gas,Automatic,186000,Jeddah,11,123000.00000000009,123419,419,0.3,Excellent (<10%)
407,Kia,Cerato,2016,Other,Grey,Semi Full,1.6,Diesel,Automatic,88000,Qassim,10,43999.99999999997,46677,2677,6.1,Excellent (<10%)
408,Mercedes,E,2016,Gulf Arabic,White,Full,2.1,Gas,Automatic,43000,Jeddah,10,124999.9999999999,139689,14689,11.8,Good (10-25%)
409,Toyota,Furniture,2015,Saudi,White,Semi Full,2.7,Gas,Automatic,300,Al-Medina,11,52000.000000000044,51021,979,1.9,Excellent (<10%)
410,Mitsubishi,Pajero,2014,Saudi,White,Full,3.5,Gas,Automatic,168,Besha,12,49000.00000000002,54719,5719,11.7,Good (10-25%)
411,Toyota,Camry,2017,Saudi,Silver,Full,2.5,Gas,Automatic,253641,Qassim,9,61999.99999999997,60360,1640,2.6,Excellent (<10%)
412,Lexus,LX,2015,Saudi,White,Full,5.7,Gas,Automatic,108478,Riyadh,11,211499.99999999983,216760,5260,2.5,Excellent (<10%)
413,Jeep,Compass,2016,Saudi,Brown,Standard,2.4,Gas,Automatic,96213,Riyadh,10,38499.99999999997,54821,16321,42.4,Fair (25-50%)
414,Mitsubishi,Galant,2011,Saudi,Golden,Full,3.8,Gas,Automatic,265000,Jazan,15,11999.999999999998,39828,27828,231.9,Poor (>50%)
415,Toyota,Land Cruiser,2021,Gulf Arabic,White,Semi Full,4.0,Gas,Automatic,4780,Riyadh,5,226499.99999999985,208433,18067,8.0,Excellent (<10%)
416,Geely,EC8,2012,Saudi,Black,Full,2.3,Gas,Automatic,200000,Riyadh,14,11499.999999999998,27621,16121,140.2,Poor (>50%)
417,Mercedes,S,2018,Saudi,Brown,Semi Full,5.0,Gas,Automatic,30000,Dammam,8,334999.9999999998,192095,142905,42.7,Fair (25-50%)
418,Ford,Expedition,2012,Saudi,Black,Full,4.8,Gas,Manual,304,Al-Ahsa,14,38000.000000000015,53212,15212,40.0,Fair (25-50%)
419,Nissan,Bus Urvan,2009,Saudi,White,Standard,2.5,Gas,Manual,173000,Dammam,17,25000.000000000004,22835,2165,8.7,Excellent (<10%)
420,Ford,Taurus,2010,Other,Another Color,Semi Full,3.5,Gas,Automatic,380,Al-Baha,16,28000.00000000002,24813,3187,11.4,Good (10-25%)
421,Mercedes,C,2019,Gulf Arabic,Black,Full,2.0,Gas,Automatic,15000,Makkah,7,175000.00000000012,197990,22990,13.1,Good (10-25%)
422,Toyota,Camry,2020,Saudi,Silver,Full,2.5,Gas,Automatic,22000,Riyadh,6,76999.99999999997,102776,25776,33.5,Fair (25-50%)
423,Lexus,ES,2021,Saudi,White,Standard,2.5,Gas,Automatic,700,Jeddah,5,183000.00000000012,156665,26335,14.4,Good (10-25%)
424,Toyota,Corolla,2006,Gulf Arabic,Golden,Full,1.8,Gas,Manual,320000,Al-Ahsa,20,17999.999999999993,15361,2639,14.7,Good (10-25%)
425,Honda,Accord,2005,Saudi,White,Semi Full,1.0,Gas,Manual,547000,Khobar,21,18999.999999999985,11182,7818,41.1,Fair (25-50%)
426,Hyundai,Accent,2017,Saudi,White,Semi Full,1.4,Gas,Automatic,117000,Jeddah,9,22999.999999999996,26192,3192,13.9,Good (10-25%)
427,Toyota,Hilux,2016,Saudi,White,Full,2.7,Gas,Automatic,2500,Dammam,10,104999.99999999997,68961,36039,34.3,Fair (25-50%)
428,Chevrolet,Tahoe,2015,Saudi,Silver,Semi Full,5.3,Gas,Automatic,71000,Riyadh,11,124999.9999999999,107022,17978,14.4,Good (10-25%)
429,Toyota,Corolla,2016,Saudi,White,Standard,1.6,Gas,Automatic,238000,Dammam,10,40499.99999999998,35475,5025,12.4,Good (10-25%)
430,Toyota,Land Cruiser,2020,Saudi,White,Full,4.6,Gas,Automatic,59000,Jeddah,6,248000.0000000002,248279,279,0.1,Excellent (<10%)
431,Genesis,G80,2017,Saudi,Grey,Semi Full,3.8,Gas,Automatic,240000,Jeddah,9,80000.0,79676,324,0.4,Excellent (<10%)
432,Chevrolet,Caprice,2013,Other,Silver,Standard,6.0,Gas,Automatic,215,Abha,13,41999.99999999999,66535,24535,58.4,Poor (>50%)
433,Chevrolet,Tahoe,2015,Saudi,Brown,Standard,5.3,Gas,Automatic,253000,Riyadh,11,99000.00000000004,83455,15545,15.7,Good (10-25%)
434,Kia,Carnival,2019,Gulf Arabic,White,Semi Full,3.6,Gas,Automatic,99000,Riyadh,7,2141.0,48462,46321,2163.5,
435,Hyundai,Accent,2018,Saudi,White,Standard,1.4,Gas,Automatic,199000,Dammam,8,31000.000000000015,30365,635,2.0,Excellent (<10%)
436,INFINITI,QX,2016,Saudi,Grey,Full,5.6,Gas,Automatic,185000,Dammam,10,118999.99999999993,110505,8495,7.1,Excellent (<10%)
437,BMW,The 5,2016,Saudi,Black,Full,2.0,Gas,Automatic,250000,Riyadh,10,58999.99999999997,66875,7875,13.3,Good (10-25%)
438,Ford,Expedition,2013,Saudi,Grey,Full,5.4,Gas,Manual,225299,Riyadh,13,66587.00000000003,61212,5375,8.1,Excellent (<10%)
439,Ford,Other,1982,Other,Bronze,Full,5.0,Gas,Automatic,34000,Dammam,44,180000.00000000003,28568,151432,84.1,Poor (>50%)
440,Ford,Expedition,2013,Saudi,White,Standard,5.4,Gas,Automatic,235000,Riyadh,13,50000.000000000015,47168,2832,5.7,Excellent (<10%)
441,Toyota,Hilux,2018,Saudi,White,Standard,2.7,Gas,Manual,126000,Riyadh,8,82000.0,75082,6918,8.4,Excellent (<10%)
442,Lexus,GS,2019,Gulf Arabic,Grey,Semi Full,3.5,Gas,Automatic,62000,Riyadh,7,170000.00000000012,120163,49837,29.3,Fair (25-50%)
443,Hyundai,Elantra,2019,Saudi,Silver,Standard,1.6,Gas,Automatic,116842,Riyadh,7,48499.99999999998,43650,4850,10.0,Excellent (<10%)
444,Toyota,Hilux,2018,Saudi,White,Full,2.7,Gas,Manual,27000,Jeddah,8,87999.99999999996,85481,2519,2.9,Excellent (<10%)
445,Toyota,Hilux,2017,Saudi,White,Full,2.7,Gas,Manual,100000,Riyadh,9,90000.00000000001,75255,14745,16.4,Good (10-25%)
446,Toyota,Land Cruiser Pickup,2016,Saudi,Another Color,Full,4.0,Gas,Manual,26000,Jeddah,10,114999.99999999991,99798,15202,13.2,Good (10-25%)
447,BMW,The 7,2015,Saudi,Grey,Full,3.0,Gas,Automatic,110000,Jeddah,11,107000.00000000003,126673,19673,18.4,Good (10-25%)
448,Mercedes,E,2014,Saudi,Black,Full,4.0,Gas,Automatic,161000,Dammam,12,95000.00000000001,123448,28448,29.9,Fair (25-50%)
449,Hyundai,Accent,2017,Saudi,White,Semi Full,1.6,Gas,Automatic,110448,Riyadh,9,29999.99999999999,32147,2147,7.2,Excellent (<10%)
450,Chevrolet,Suburban,2016,Saudi,Golden,Full,6.2,Gas,Automatic,156000,Dammam,10,289999.9999999999,118786,171214,59.0,Poor (>50%)
451,Toyota,Corolla,2015,Other,Another Color,Semi Full,1.6,Gas,Automatic,309000,Khobar,11,31999.999999999993,32735,735,2.3,Excellent (<10%)
452,Lexus,LS,2018,Gulf Arabic,White,Full,3.5,Gas,Automatic,55000,Dammam,8,297999.9999999998,182635,115365,38.7,Fair (25-50%)
453,Toyota,Yaris,2018,Saudi,Silver,Standard,1.5,Gas,Automatic,76000,Hafar Al-Batin,8,37500.00000000001,36112,1388,3.7,Excellent (<10%)
454,Nissan,Maxima,2010,Gulf Arabic,Black,Full,3.0,Gas,Automatic,280000,Riyadh,16,21999.999999999993,31729,9729,44.2,Fair (25-50%)
455,Hyundai,Senta fe,2014,Saudi,Black,Full,3.3,Gas,Automatic,201421,Riyadh,12,57500.00000000001,47316,10184,17.7,Good (10-25%)
456,Toyota,Land Cruiser,2019,Gulf Arabic,White,Full,4.0,Gas,Automatic,106665,Jeddah,7,205000.0,197977,7023,3.4,Excellent (<10%)
457,Chevrolet,Tahoe,2020,Gulf Arabic,Red,Standard,5.3,Gas,Automatic,37000,Riyadh,6,165000.00000000015,152331,12669,7.7,Excellent (<10%)
458,Hyundai,Sonata,2016,Saudi,Brown,Full,2.0,Gas,Automatic,104000,Riyadh,10,58000.00000000003,56083,1917,3.3,Excellent (<10%)
459,Hyundai,Sonata,2018,Saudi,Black,Semi Full,2.4,Gas,Automatic,117000,Riyadh,8,62999.99999999995,59704,3296,5.2,Excellent (<10%)
460,Hyundai,Accent,2015,Saudi,Silver,Standard,1.4,Gas,Automatic,181802,Dammam,11,25500.000000000004,24178,1322,5.2,Excellent (<10%)
461,Toyota,FJ,2020,Saudi,White,Standard,4.0,Gas,Automatic,68500,Riyadh,6,116999.99999999991,113713,3287,2.8,Excellent (<10%)
462,GMC,Sierra,2016,Saudi,Silver,Full,5.3,Gas,Automatic,144000,Aseer,10,95000.00000000001,105660,10660,11.2,Good (10-25%)
463,Toyota,Land Cruiser,2013,Gulf Arabic,White,Full,1.0,Gas,Automatic,495,Riyadh,13,90000.00000000001,60125,29875,33.2,Fair (25-50%)
464,Land Rover,Range Rover,2014,Saudi,White,Full,5.0,Gas,Automatic,131000,Riyadh,12,230000.0000000001,190835,39165,17.0,Good (10-25%)
465,Toyota,Land Cruiser,2011,Saudi,White,Full,4.6,Gas,Automatic,360000,Dammam,15,96999.99999999999,99310,2310,2.4,Excellent (<10%)
466,Nissan,Altima,2017,Saudi,White,Standard,2.5,Gas,Automatic,64000,Riyadh,9,58000.00000000003,50006,7994,13.8,Good (10-25%)
467,GMC,Yukon,2012,Saudi,Another Color,Semi Full,1.5,Gas,Automatic,65000,Makkah,14,80000.0,21835,58165,72.7,Poor (>50%)
468,Kia,Optima,2015,Saudi,Navy,Semi Full,2.0,Gas,Automatic,190000,Riyadh,11,38000.000000000015,39487,1487,3.9,Excellent (<10%)
469,Ford,Edge,2011,Other,Black,Semi Full,3.5,Gas,Automatic,260,Jeddah,15,25999.999999999985,27880,1880,7.2,Excellent (<10%)
470,Chevrolet,Silverado,2018,Saudi,Silver,Standard,5.3,Gas,Automatic,88000,Dammam,8,84999.99999999996,106163,21163,24.9,Good (10-25%)
471,Toyota,Corolla,2015,Gulf Arabic,Blue,Full,1.6,Gas,Automatic,90000,Tabouk,11,44999.999999999985,46339,1339,3.0,Excellent (<10%)
472,Chevrolet,Suburban,2009,Saudi,Black,Semi Full,5.3,Gas,Automatic,335000,Jeddah,17,35000.00000000001,38124,3124,8.9,Excellent (<10%)
473,Toyota,Hilux,2014,Saudi,White,Full,2.7,Gas,Manual,98000,Najran,12,70000.00000000001,59217,10783,15.4,Good (10-25%)
474,Chevrolet,Caprice,2013,Saudi,Silver,Standard,6.0,Gas,Automatic,313000,Riyadh,13,35000.00000000001,45582,10582,30.2,Fair (25-50%)
475,Hyundai,Sonata,2020,Saudi,Golden,Semi Full,2.5,Gas,Automatic,12000,Riyadh,6,77999.99999999994,79695,1695,2.2,Excellent (<10%)
476,GMC,Sierra,2015,Saudi,Black,Full,5.3,Gas,Automatic,196,Khobar,11,75000.00000000004,83074,8074,10.8,Good (10-25%)
477,Chevrolet,Cruze,2013,Saudi,White,Standard,1.8,Gas,Automatic,120000,Taef,13,17999.999999999993,17520,480,2.7,Excellent (<10%)
478,Ford,Taurus,2015,Saudi,Grey,Full,3.5,Gas,Automatic,180000,Riyadh,11,60000.000000000015,60286,286,0.5,Excellent (<10%)
479,Toyota,Corolla,2018,Saudi,White,Standard,1.6,Gas,Automatic,46423,Dammam,8,49000.00000000002,48779,221,0.5,Excellent (<10%)
480,Toyota,Hiace,2010,Saudi,White,Standard,2.7,Gas,Manual,573000,Riyadh,16,37000.00000000001,30305,6695,18.1,Good (10-25%)
481,Hyundai,Elantra,2018,Other,White,Standard,1.6,Diesel,Automatic,45000,Riyadh,8,54000.00000000001,50799,3201,5.9,Excellent (<10%)
482,Nissan,Patrol,2014,Saudi,Another Color,Semi Full,5.6,Gas,Automatic,190000,Jazan,12,104999.99999999997,72621,32379,30.8,Fair (25-50%)
483,Land Rover,Range Rover,2017,Saudi,White,Full,5.2,Gas,Automatic,77000,Al-Medina,9,275000.0000000002,210784,64216,23.4,Good (10-25%)
484,Lexus,RX,2016,Saudi,Grey,Full,3.5,Gas,Automatic,69070,Jeddah,10,180000.00000000003,132331,47669,26.5,Fair (25-50%)
485,BMW,The 7,2009,Saudi,Bronze,Full,4.4,Gas,Automatic,285000,Dammam,17,46000.000000000044,38064,7936,17.3,Good (10-25%)
486,Hyundai,Accent,2013,Saudi,White,Standard,1.4,Gas,Automatic,85000,Al-Medina,13,16000.000000000002,21502,5502,34.4,Fair (25-50%)
487,Hyundai,Elantra,2011,Other,White,Semi Full,2.0,Gas,Manual,290,Riyadh,15,11999.999999999998,17827,5827,48.6,Fair (25-50%)
488,Kia,Cadenza,2012,Saudi,Black,Standard,3.6,Gas,Automatic,147000,Riyadh,14,25000.000000000004,37865,12865,51.5,Poor (>50%)
489,Ford,Expedition,2012,Saudi,Silver,Standard,5.4,Gas,Automatic,207000,Dammam,14,46999.99999999999,43522,3478,7.4,Excellent (<10%)
490,Kia,Cores,2014,Saudi,White,Full,3.5,Gas,Automatic,81000,Jeddah,12,77999.99999999994,71639,6361,8.2,Excellent (<10%)
491,Nissan,Pathfinder,2014,Saudi,Silver,Semi Full,6.0,Gas,Automatic,23800,Riyadh,12,40000.0,75687,35687,89.2,Poor (>50%)
492,Chevrolet,Impala,2016,Saudi,Silver,Standard,3.5,Gas,Automatic,139000,Aseer,10,64999.999999999956,60615,4385,6.7,Excellent (<10%)
493,Dodge,Charger,2017,Saudi,Red,Full,5.7,Gas,Automatic,64000,Jeddah,9,145000.00000000012,100080,44920,31.0,Fair (25-50%)
494,Toyota,Yaris,2014,Saudi,Another Color,Standard,1.4,Gas,Automatic,201000,Riyadh,12,22999.999999999996,27307,4307,18.7,Good (10-25%)
495,Chevrolet,Impala,2014,Saudi,Navy,Standard,3.6,Gas,Automatic,155000,Riyadh,12,40000.0,50893,10893,27.2,Fair (25-50%)
496,Hyundai,Accent,2019,Saudi,White,Standard,1.6,Gas,Automatic,76600,Dammam,7,40000.0,41024,1024,2.6,Excellent (<10%)
497,Toyota,Corolla,2013,Saudi,White,Standard,2.0,Gas,Automatic,183000,Qassim,13,29999.99999999999,36237,6237,20.8,Good (10-25%)
498,Chevrolet,Blazer,2017,Gulf Arabic,White,Semi Full,3.6,Gas,Automatic,115000,Khobar,9,62999.99999999995,76013,13013,20.7,Good (10-25%)
499,Ford,Taurus,2017,Saudi,Blue,Standard,3.5,Gas,Automatic,128439,Riyadh,9,76499.99999999996,69298,7202,9.4,Excellent (<10%)
500,Chevrolet,Lumina,2006,Other,Oily,Standard,6.0,Gas,Automatic,470000,Riyadh,20,2999.9999999999995,12278,9278,309.3,Poor (>50%)
501,Kia,Carnival,2016,Saudi,Grey,Full,3.3,Gas,Automatic,21000,Jazan,10,64999.999999999956,68993,3993,6.1,Excellent (<10%)
502,Ford,Marquis,2009,Saudi,Blue,Semi Full,4.0,Gas,Automatic,377000,Al-Ahsa,17,20999.99999999998,19813,1187,5.7,Excellent (<10%)
503,Toyota,Prado,2021,Saudi,White,Semi Full,4.0,Gas,Automatic,3000,Dammam,5,173999.99999999997,162612,11388,6.5,Excellent (<10%)
504,Lexus,ES,2019,Saudi,White,Full,2.0,Gas,Automatic,47000,Jeddah,7,189999.9999999999,164703,25297,13.3,Good (10-25%)
505,Toyota,Land Cruiser,2012,Saudi,White,Full,4.6,Gas,Automatic,405000,Riyadh,14,96999.99999999999,95415,1585,1.6,Excellent (<10%)
506,Toyota,Camry,2019,Saudi,Black,Full,2.5,Gas,Automatic,13000,Riyadh,7,93999.99999999997,99954,5954,6.3,Excellent (<10%)
507,Ford,Expedition,2013,Saudi,Grey,Standard,5.4,Gas,Automatic,147000,Dammam,13,50000.000000000015,49796,204,0.4,Excellent (<10%)
508,Lexus,LX,2018,Saudi,Navy,Full,5.7,Gas,Automatic,94800,Riyadh,8,369999.99999999977,348721,21279,5.8,Excellent (<10%)
509,Ford,Explorer,2015,Gulf Arabic,Black,Standard,3.5,Gas,Automatic,206400,Riyadh,11,53000.00000000002,56677,3677,6.9,Excellent (<10%)
510,Lexus,ES,2013,Saudi,White,Semi Full,3.5,Gas,Automatic,200000,Riyadh,13,75000.00000000004,70663,4337,5.8,Excellent (<10%)
511,Ford,Expedition,2013,Other,Grey,Standard,5.4,Gas,Automatic,121000,Riyadh,13,40000.0,55052,15052,37.6,Fair (25-50%)
512,Hyundai,Tucson,2019,Saudi,Red,Semi Full,2.0,Gas,Automatic,21000,Jeddah,7,75000.00000000004,68691,6309,8.4,Excellent (<10%)
513,Toyota,Hilux,1999,Saudi,White,Semi Full,2.7,Gas,Manual,375,Abha,27,18999.999999999985,14811,4189,22.0,Good (10-25%)
514,Toyota,Hilux,2012,Saudi,White,Standard,2.7,Gas,Manual,394000,Qassim,14,40000.0,38309,1691,4.2,Excellent (<10%)
515,Kia,Rio,2017,Saudi,Blue,Standard,1.4,Gas,Automatic,116000,Qassim,9,28999.999999999996,28380,620,2.1,Excellent (<10%)
516,Hyundai,Accent,2016,Saudi,White,Standard,1.4,Gas,Automatic,111,Riyadh,10,21999.999999999993,24841,2841,12.9,Good (10-25%)
517,Toyota,Land Cruiser,2021,Saudi,Black,Semi Full,4.0,Gas,Automatic,5352,Riyadh,5,216500.00000000006,205212,11288,5.2,Excellent (<10%)
518,Toyota,Land Cruiser,2015,Saudi,White,Semi Full,5.7,Gas,Automatic,170000,Riyadh,11,150000.00000000006,139781,10219,6.8,Excellent (<10%)
519,Toyota,Prado,2016,Saudi,Grey,Full,4.0,Gas,Automatic,174000,Al-Medina,10,120000.00000000004,107370,12630,10.5,Good (10-25%)
520,Hyundai,Sonata,2018,Saudi,White,Semi Full,2.4,Gas,Automatic,72000,Aseer,8,64999.999999999956,62160,2840,4.4,Excellent (<10%)
521,Dodge,Challenger,2013,Saudi,Black,Full,5.7,Gas,Automatic,173,Jeddah,13,38000.000000000015,56841,18841,49.6,Fair (25-50%)
522,Jeep,Cherokee,2015,Saudi,Silver,Full,2.4,Gas,Automatic,180000,Taef,11,2122.0000000000005,42948,40826,1923.9,
523,HAVAL,H6,2020,Saudi,Black,Semi Full,2.0,Gas,Automatic,5000,Dammam,6,70000.00000000001,91377,21377,30.5,Fair (25-50%)
524,Audi,A6,2016,Saudi,Another Color,Full,3.0,Gas,Automatic,77000,Jeddah,10,90000.00000000001,121769,31769,35.3,Fair (25-50%)
525,Mazda,CX9,2017,Other,Grey,Full,2.5,Gas,Automatic,93000,Dammam,9,111000.00000000004,79899,31101,28.0,Fair (25-50%)
526,GMC,Yukon,2008,Saudi,Black,Full,7.2,Gas,Automatic,299000,Makkah,18,29999.99999999999,40550,10550,35.2,Fair (25-50%)
527,Hyundai,Accent,2018,Saudi,White,Standard,1.4,Gas,Automatic,13081,Riyadh,8,38000.000000000015,36019,1981,5.2,Excellent (<10%)
528,Volkswagen,Passat,2010,Saudi,Silver,Full,2.5,Gas,Automatic,143000,Dammam,16,20999.99999999998,25869,4869,23.2,Good (10-25%)
529,Audi,A3,2016,Saudi,Navy,Full,1.4,Gas,Automatic,59000,Jeddah,10,70000.00000000001,44918,25082,35.8,Fair (25-50%)
530,Toyota,Ciocca,2016,Saudi,White,Semi Full,5.7,Gas,Automatic,92000,Dammam,10,108000.00000000001,116809,8809,8.2,Excellent (<10%)
531,Toyota,Prado,2019,Gulf Arabic,White,Full,4.0,Gas,Automatic,89000,Dammam,7,151000.00000000006,133775,17225,11.4,Good (10-25%)
532,Hyundai,Elantra,2016,Saudi,White,Standard,1.6,Gas,Automatic,172600,Dammam,10,35000.00000000001,30467,4533,13.0,Good (10-25%)
533,Mercedes,C,2020,Other,White,Full,2.0,Gas,Automatic,24000,Riyadh,6,267000.0,187041,79959,29.9,Fair (25-50%)
534,Chevrolet,Camaro,2016,Other,Red,Full,3.6,Gas,Automatic,94000,Dammam,10,106000.00000000001,91367,14633,13.8,Good (10-25%)
535,Hyundai,Elantra,2021,Saudi,Silver,Full,1.7,Gas,Automatic,2600,Makkah,5,95000.00000000001,50680,44320,46.7,Fair (25-50%)
536,Mazda,6,2019,Saudi,Grey,Standard,2.5,Gas,Automatic,64970,Riyadh,7,69499.99999999996,63939,5561,8.0,Excellent (<10%)
537,Mazda,6,2017,Gulf Arabic,Red,Semi Full,2.5,Gas,Automatic,90000,Jubail,9,52000.000000000044,59558,7558,14.5,Good (10-25%)
538,Chrysler,C300,2005,Saudi,Black,Full,5.7,Gas,Automatic,300000,Jeddah,21,20000.000000000015,19310,690,3.4,Excellent (<10%)
539,Mazda,CX3,2018,Saudi,Blue,Semi Full,2.9,Gas,Automatic,78000,Al-Medina,8,54000.00000000001,77449,23449,43.4,Fair (25-50%)
540,Ford,Taurus,2013,Saudi,Silver,Standard,1.6,Gas,Automatic,251,Riyadh,13,35000.00000000001,21253,13747,39.3,Fair (25-50%)
541,Ford,Flex,2014,Saudi,Brown,Semi Full,3.5,Gas,Automatic,180000,Dammam,12,49000.00000000002,57730,8730,17.8,Good (10-25%)
542,Chevrolet,Tahoe,2003,Other,Another Color,Full,5.3,Gas,Automatic,488000,Jeddah,23,12999.999999999995,16814,3814,29.3,Fair (25-50%)
543,Toyota,Land Cruiser Pickup,2014,Saudi,Golden,Semi Full,3.0,Gas,Manual,175000,Riyadh,12,71999.99999999996,54222,17778,24.7,Good (10-25%)
544,Mercedes,E,1993,Gulf Arabic,White,Full,3.2,Gas,Automatic,217396,Jeddah,33,35000.00000000001,15476,19524,55.8,Poor (>50%)
545,GMC,Sierra,2020,Saudi,Red,Semi Full,5.3,Gas,Automatic,60000,Dammam,6,155000.00000000012,150149,4851,3.1,Excellent (<10%)
546,Hyundai,Accent,2019,Saudi,Grey,Standard,1.4,Gas,Automatic,77000,Jeddah,7,38000.000000000015,37469,531,1.4,Excellent (<10%)
547,Isuzu,D-MAX,2015,Saudi,White,Standard,2.5,Diesel,Manual,445539,Dammam,11,53000.00000000002,36870,16130,30.4,Fair (25-50%)
548,Toyota,Furniture,2010,Saudi,Silver,Full,4.0,Gas,Automatic,317000,Riyadh,16,43000.00000000002,50927,7927,18.4,Good (10-25%)
549,MG,6,2019,Saudi,Red,Full,2.0,Gas,Automatic,107,Jeddah,7,50000.000000000015,86790,36790,73.6,Poor (>50%)
550,Hyundai,Creta,2018,Saudi,Red,Full,1.6,Gas,Automatic,11800,Besha,8,56000.000000000044,57959,1959,3.5,Excellent (<10%)
551,Toyota,Avalon,2020,Saudi,White,Full,3.5,Gas,Automatic,33000,Jeddah,6,163999.99999999988,119691,44309,27.0,Fair (25-50%)
552,Toyota,Prado,2014,Saudi,Another Color,Full,4.0,Gas,Automatic,314000,Riyadh,12,95000.00000000001,79641,15359,16.2,Good (10-25%)
553,Honda,Accord,2010,Other,Oily,Full,2.4,Gas,Automatic,205,Jeddah,16,29999.99999999999,30908,908,3.0,Excellent (<10%)
554,Ford,Taurus,2012,Saudi,Brown,Standard,3.5,Gas,Automatic,237000,Riyadh,14,25000.000000000004,37285,12285,49.1,Fair (25-50%)
555,Mercedes,C,2019,Other,Black,Semi Full,2.0,Gas,Automatic,22000,Dammam,7,180000.00000000003,176261,3739,2.1,Excellent (<10%)
556,Toyota,Prius,2017,Saudi,White,Standard,1.8,Hybrid,Automatic,50000,Qassim,9,54899.99999999996,45769,9131,16.6,Good (10-25%)
557,Hyundai,Sonata,2019,Saudi,Grey,Semi Full,2.4,Gas,Automatic,100000,Riyadh,7,50000.000000000015,49992,8,0.0,Excellent (<10%)
558,Mercedes,S,2013,Saudi,White,Full,3.0,Gas,Automatic,110000,Dammam,13,112999.99999999993,133613,20613,18.2,Good (10-25%)
559,Hyundai,Accent,2018,Saudi,Black,Standard,1.4,Gas,Automatic,105000,Riyadh,8,35000.00000000001,33317,1683,4.8,Excellent (<10%)
560,Ford,Explorer,2016,Gulf Arabic,Red,Full,3.5,Gas,Automatic,93000,Riyadh,10,95000.00000000001,98569,3569,3.8,Excellent (<10%)
561,Chevrolet,Suburban,2007,Saudi,Black,Full,5.3,Gas,Automatic,300000,Qurayyat,19,29999.99999999999,32305,2305,7.7,Excellent (<10%)
562,Hyundai,Sonata,2016,Saudi,Another Color,Full,2.4,Gas,Automatic,136000,Riyadh,10,42500.00000000003,50271,7771,18.3,Good (10-25%)
563,Toyota,Corolla,2016,Saudi,Silver,Standard,1.6,Gas,Manual,83000,Dammam,10,38499.99999999997,39796,1296,3.4,Excellent (<10%)
564,Chevrolet,Caprice,2015,Saudi,Silver,Standard,6.0,Gas,Automatic,147374,Riyadh,11,71500.00000000001,81978,10478,14.7,Good (10-25%)
565,GMC,Envoy,2009,Other,Another Color,Standard,4.2,Gas,Automatic,242000,Jeddah,17,14249.999999999993,37407,23157,162.5,Poor (>50%)
566,Toyota,Land Cruiser,2019,Saudi,White,Full,4.6,Gas,Automatic,177900,Riyadh,7,219999.99999999983,190825,29175,13.3,Good (10-25%)
567,Lexus,GS,2016,Other,Silver,Semi Full,2.5,Gas,Automatic,58000,Dammam,10,136999.9999999999,93392,43608,31.8,Fair (25-50%)
568,Toyota,Corolla,2020,Saudi,Another Color,Standard,1.6,Gas,Automatic,16000,Jeddah,6,61999.99999999997,56941,5059,8.2,Excellent (<10%)
569,Toyota,Camry,2017,Saudi,White,Standard,2.4,Gas,Automatic,97000,Riyadh,9,67999.99999999999,57668,10332,15.2,Good (10-25%)
570,Chevrolet,Cruze,2014,Saudi,Grey,Semi Full,1.8,Gas,Automatic,135020,Riyadh,12,23999.99999999999,20148,3852,16.1,Good (10-25%)
571,Dodge,Charger,2016,Saudi,Grey,Standard,1.0,Gas,Automatic,151000,Riyadh,10,68999.99999999997,24402,44598,64.6,Poor (>50%)
572,Daihatsu,Gran Max,2015,Saudi,White,Standard,1.5,Gas,Automatic,53000,Jeddah,11,29999.99999999999,26481,3519,11.7,Good (10-25%)
573,Hyundai,Elantra,2007,Saudi,Grey,Standard,1.6,Gas,Manual,191700,Taef,19,12999.999999999995,12365,635,4.9,Excellent (<10%)
574,Toyota,Camry,2009,Saudi,White,Semi Full,2.5,Gas,Automatic,600000,Al-Medina,17,22999.999999999996,23991,991,4.3,Excellent (<10%)
575,Ford,Marquis,2003,Other,Silver,Standard,4.6,Gas,Automatic,300000,Riyadh,23,10000.00000000001,12791,2791,27.9,Fair (25-50%)
576,Changan,CS75,2020,Saudi,Black,Full,1.8,Gas,Automatic,11000,Dammam,6,70000.00000000001,60643,9357,13.4,Good (10-25%)
577,Mercedes,C,2019,Other,White,Full,2.0,Gas,Automatic,15000,Dammam,7,175000.00000000012,183186,8186,4.7,Excellent (<10%)
578,Peugeot,301,2014,Saudi,White,Standard,1.6,Gas,Automatic,170000,Jubail,12,18500.0,23075,4575,24.7,Good (10-25%)
579,Honda,Accord,2014,Saudi,White,Semi Full,2.4,Gas,Automatic,202000,Riyadh,12,54000.00000000001,52428,1572,2.9,Excellent (<10%)
580,Genesis,G80,2016,Saudi,Black,Semi Full,3.8,Gas,Automatic,165061,Riyadh,10,85500.00000000006,79481,6019,7.0,Excellent (<10%)
581,Toyota,Corolla,2017,Saudi,White,Standard,1.6,Gas,Automatic,66200,Riyadh,9,50999.999999999985,43704,7296,14.3,Good (10-25%)
582,Toyota,Furniture,2017,Saudi,Silver,Full,2.7,Gas,Automatic,236000,Riyadh,9,75000.00000000004,64746,10254,13.7,Good (10-25%)
583,Fiat,500,2019,Saudi,Another Color,Full,1.4,Gas,Automatic,17000,Dammam,7,70000.00000000001,63346,6654,9.5,Excellent (<10%)
584,Toyota,Camry,2009,Other,White,Full,2.5,Gas,Automatic,350000,Makkah,17,25000.000000000004,24399,601,2.4,Excellent (<10%)
585,Ford,F150,2012,Saudi,Black,Standard,3.6,Gas,Automatic,235000,Al-Medina,14,55000.00000000004,32918,22082,40.1,Fair (25-50%)
586,Toyota,Avalon,2014,Saudi,Brown,Semi Full,3.5,Gas,Automatic,188257,Jeddah,12,78500.00000000004,59060,19440,24.8,Good (10-25%)
587,Chrysler,C300,2016,Other,Grey,Full,3.6,Gas,Automatic,121000,Qassim,10,71999.99999999996,88797,16797,23.3,Good (10-25%)
588,Chevrolet,Caprice,2013,Saudi,Silver,Standard,6.0,Gas,Automatic,114000,Dammam,13,79000.00000000006,77945,1055,1.3,Excellent (<10%)
589,Toyota,Land Cruiser,2016,Saudi,White,Full,4.6,Gas,Automatic,107,Najran,10,185000.00000000006,98748,86252,46.6,Fair (25-50%)
590,Chevrolet,Tahoe,2015,Saudi,White,Semi Full,5.3,Gas,Automatic,222000,Riyadh,11,109999.99999999991,99776,10224,9.3,Excellent (<10%)
591,Ford,Focus,2014,Saudi,Black,Standard,1.5,Gas,Automatic,75000,Riyadh,12,20999.99999999998,22721,1721,8.2,Excellent (<10%)
592,Chevrolet,Tahoe,2018,Other,Black,Full,5.3,Gas,Automatic,127000,Dammam,8,155000.00000000012,138748,16252,10.5,Good (10-25%)
593,Chevrolet,Tahoe,2008,Saudi,Black,Semi Full,5.7,Gas,Automatic,330000,Riyadh,18,26999.999999999978,35378,8378,31.0,Fair (25-50%)
594,Nissan,Patrol,2016,Saudi,White,Semi Full,5.6,Gas,Automatic,145000,Qassim,10,127999.99999999997,104677,23323,18.2,Good (10-25%)
595,Hyundai,Tucson,2018,Saudi,Grey,Semi Full,2.0,Gas,Automatic,60000,Jeddah,8,70000.00000000001,57094,12906,18.4,Good (10-25%)
596,Mazda,CX9,2015,Saudi,Brown,Semi Full,3.7,Gas,Automatic,221000,Jeddah,11,48000.00000000004,64675,16675,34.7,Fair (25-50%)
597,Ford,Taurus,2015,Saudi,Black,Semi Full,3.6,Gas,Automatic,203000,Riyadh,11,55000.00000000004,59716,4716,8.6,Excellent (<10%)
598,Ford,Expedition,2013,Saudi,Black,Standard,5.4,Gas,Automatic,84000,Dammam,13,71999.99999999996,56069,15931,22.1,Good (10-25%)
599,Toyota,Prado,1999,Saudi,Oily,Full,2.8,Gas,Manual,230,Aseer,27,17999.999999999993,13221,4779,26.6,Fair (25-50%)
600,Geely,Emgrand,2019,Saudi,Golden,Full,1.8,Gas,Automatic,66000,Jeddah,7,40000.0,49669,9669,24.2,Good (10-25%)
601,Toyota,Land Cruiser,2016,Gulf Arabic,White,Full,4.0,Gas,Manual,220000,Dammam,10,130000.00000000009,143401,13401,10.3,Good (10-25%)
602,Toyota,Aurion,2010,Saudi,White,Standard,3.5,Gas,Automatic,342000,Jubail,16,29999.99999999999,30429,429,1.4,Excellent (<10%)
603,Toyota,Yaris,2015,Saudi,Grey,Standard,1.5,Gas,Automatic,185000,Jeddah,11,14999.99999999999,27679,12679,84.5,Poor (>50%)
604,MINI,Countryman,2019,Saudi,Black,Semi Full,2.0,Gas,Automatic,22000,Jeddah,7,124999.9999999999,90439,34561,27.6,Fair (25-50%)
605,Honda,HRV,2021,Saudi,Black,Standard,1.8,Gas,Automatic,6000,Riyadh,5,60000.000000000015,62429,2429,4.0,Excellent (<10%)
606,Ford,Fusion,2018,Other,Blue,Semi Full,1.5,Gas,Automatic,125000,Al-Ahsa,8,57000.000000000044,42396,14604,25.6,Fair (25-50%)
607,Toyota,Yaris,2019,Saudi,White,Standard,1.5,Gas,Automatic,30000,Dammam,7,46000.000000000044,39861,6139,13.3,Good (10-25%)
608,BMW,X,2020,Other,White,Standard,3.0,Gas,Automatic,20000,Riyadh,6,257000.00000000015,231193,25807,10.0,Excellent (<10%)
609,MG,3,2013,Saudi,White,Standard,1.3,Gas,Manual,41000,Riyadh,13,14999.99999999999,19372,4372,29.1,Fair (25-50%)
610,Hyundai,Elantra,2017,Saudi,Grey,Standard,1.6,Gas,Automatic,156000,Riyadh,9,40000.0,38076,1924,4.8,Excellent (<10%)
611,Honda,Accord,2014,Saudi,White,Full,2.4,Gas,Automatic,480000,Makkah,12,40000.0,40295,295,0.7,Excellent (<10%)
612,Mercedes,C,2014,Saudi,White,Full,1.8,Gas,Automatic,148925,Jeddah,12,79500.00000000004,58662,20838,26.2,Fair (25-50%)
613,Chevrolet,Tahoe,2016,Saudi,White,Full,5.3,Gas,Automatic,146000,Riyadh,10,118000.00000000009,120505,2505,2.1,Excellent (<10%)
614,Nissan,Armada,2012,Saudi,Blue,Full,5.6,Gas,Automatic,138000,Jeddah,14,60000.000000000015,63026,3026,5.0,Excellent (<10%)
615,Ford,Taurus,2010,Saudi,Silver,Semi Full,3.5,Gas,Automatic,337000,Riyadh,16,25000.000000000004,24459,541,2.2,Excellent (<10%)
616,Chevrolet,Tahoe,2019,Saudi,Black,Standard,5.3,Gas,Automatic,40000,Riyadh,7,145000.00000000012,149657,4657,3.2,Excellent (<10%)
617,Lexus,ES,2007,Saudi,Another Color,Full,3.5,Gas,Automatic,250000,Al-Namas,19,25000.000000000004,28231,3231,12.9,Good (10-25%)
618,Kia,Cadenza,2018,Saudi,Silver,Standard,3.3,Gas,Automatic,94000,Riyadh,8,55000.00000000004,60315,5315,9.7,Excellent (<10%)
619,Ford,Taurus,2017,Saudi,White,Standard,3.5,Gas,Automatic,158039,Riyadh,9,75000.00000000004,66479,8521,11.4,Good (10-25%)
620,Chevrolet,Tahoe,2015,Saudi,Golden,Standard,5.3,Gas,Automatic,150000,Jeddah,11,100000.00000000004,101505,1505,1.5,Excellent (<10%)
621,Mercedes,C,2015,Gulf Arabic,White,Full,2.0,Gas,Automatic,54000,Riyadh,11,120000.00000000004,121166,1166,1.0,Excellent (<10%)
622,Mercedes,E,2017,Saudi,Grey,Full,2.0,Gas,Automatic,20600,Dammam,9,210000.0,195380,14620,7.0,Excellent (<10%)
623,Nissan,Datsun,2015,Saudi,White,Full,2.4,Gas,Manual,212000,Riyadh,11,41999.99999999999,36920,5080,12.1,Good (10-25%)
624,Toyota,Camry,2008,Saudi,Another Color,Semi Full,1.7,Gas,Automatic,280000,Jeddah,18,16999.99999999999,19334,2334,13.7,Good (10-25%)
625,Ford,Expedition,2009,Saudi,Black,Semi Full,5.4,Gas,Automatic,18500,Taef,17,35000.00000000001,26679,8321,23.8,Good (10-25%)
626,Nissan,Patrol,2020,Saudi,White,Full,4.0,Gas,Automatic,42835,Riyadh,6,241500.0,198302,43198,17.9,Good (10-25%)
627,Chrysler,S300,2018,Other,Silver,Full,3.5,Gas,Automatic,105000,Dammam,8,112000.00000000004,99849,12151,10.8,Good (10-25%)
628,GMC,Yukon,2018,Saudi,Brown,Standard,5.3,Gas,Automatic,101960,Riyadh,8,146500.00000000006,118882,27618,18.9,Good (10-25%)
629,Hyundai,i40,2015,Saudi,White,Full,2.0,Gas,Automatic,48000,Jeddah,11,46999.99999999999,43923,3077,6.5,Excellent (<10%)
630,Chevrolet,Impala,2018,Gulf Arabic,Black,Standard,3.6,Gas,Automatic,112000,Dammam,8,67000.0,72626,5626,8.4,Excellent (<10%)
631,Toyota,Innova,2007,Saudi,Silver,Semi Full,2.7,Gas,Automatic,199800,Jeddah,19,25000.000000000004,21950,3050,12.2,Good (10-25%)
632,Hyundai,Azera,2018,Saudi,Grey,Full,3.5,Gas,Automatic,50000,Riyadh,8,84999.99999999996,72745,12255,14.4,Good (10-25%)
633,Mercedes,C,2018,Gulf Arabic,Silver,Full,2.0,Gas,Automatic,57000,Dammam,8,175000.00000000012,177482,2482,1.4,Excellent (<10%)
634,Toyota,Camry,2017,Saudi,Black,Standard,2.5,Gas,Automatic,120,Tabouk,9,55000.00000000004,44342,10658,19.4,Good (10-25%)
635,Chevrolet,Aveo,2008,Saudi,Blue,Semi Full,1.6,Gas,Manual,30000,Jeddah,18,4499.999999999999,13012,8512,189.2,Poor (>50%)
636,Hyundai,Elantra,2018,Saudi,Grey,Standard,1.6,Gas,Automatic,144000,Jeddah,8,44999.999999999985,43411,1589,3.5,Excellent (<10%)
637,Ford,Flex,2014,Saudi,Brown,Semi Full,3.5,Gas,Automatic,180000,Dammam,12,46999.99999999999,57730,10730,22.8,Good (10-25%)
638,Hyundai,H1,2018,Saudi,Silver,Standard,2.4,Gas,Automatic,79237,Riyadh,8,58499.99999999996,59555,1055,1.8,Excellent (<10%)
639,GMC,Yukon,2013,Saudi,Silver,Standard,5.3,Gas,Automatic,292000,Dammam,13,73999.99999999997,50383,23617,31.9,Fair (25-50%)
640,Kia,Optima,2015,Gulf Arabic,White,Full,2.4,Gas,Automatic,79680,Riyadh,11,49000.00000000002,52271,3271,6.7,Excellent (<10%)
641,Ford,Taurus,2015,Saudi,Grey,Standard,3.6,Gas,Automatic,130243,Riyadh,11,58000.00000000003,62405,4405,7.6,Excellent (<10%)
642,GMC,Sierra,2015,Saudi,Brown,Standard,5.3,Gas,Automatic,167000,Dammam,11,76999.99999999997,95626,18626,24.2,Good (10-25%)
643,Toyota,Hilux,2018,Saudi,White,Standard,2.7,Gas,Manual,88000,Dammam,8,79500.00000000004,74625,4875,6.1,Excellent (<10%)
644,Mazda,CX9,2016,Gulf Arabic,White,Full,3.7,Gas,Automatic,193000,Dammam,10,67999.99999999999,68116,116,0.2,Excellent (<10%)
645,Toyota,Hilux,2016,Saudi,White,Standard,2.7,Gas,Manual,166085,Dammam,10,62999.99999999995,65301,2301,3.7,Excellent (<10%)
646,Cadillac,CT-S,2010,Saudi,Another Color,Full,3.6,Gas,Automatic,240000,Riyadh,16,31999.999999999993,31478,522,1.6,Excellent (<10%)
647,Toyota,Corolla,2018,Saudi,White,Semi Full,1.6,Gas,Automatic,43000,Riyadh,8,54499.99999999998,41651,12849,23.6,Good (10-25%)
648,Kia,Rio,2019,Saudi,Silver,Standard,1.4,Gas,Automatic,66148,Jeddah,7,40499.99999999998,34394,6106,15.1,Good (10-25%)
649,Toyota,Camry,1995,Saudi,White,Full,2.5,Gas,Manual,300,Al-Ahsa,31,11999.999999999998,16761,4761,39.7,Fair (25-50%)
650,Toyota,Hilux,2016,Gulf Arabic,White,Semi Full,2.7,Gas,Manual,155100,Dammam,10,76999.99999999997,67358,9642,12.5,Good (10-25%)
651,Mercedes,S,2011,Gulf Arabic,White,Full,3.8,Gas,Automatic,132000,Al-Medina,15,90000.00000000001,86797,3203,3.6,Excellent (<10%)
652,Toyota,Prado,2016,Gulf Arabic,White,Full,3.8,Gas,Automatic,168000,Riyadh,10,109499.99999999991,78579,30921,28.2,Fair (25-50%)
653,Mazda,6,2018,Gulf Arabic,Grey,Standard,2.0,Gas,Automatic,71000,Qassim,8,64999.999999999956,55935,9065,13.9,Good (10-25%)
654,Hyundai,Sonata,2011,Saudi,Black,Semi Full,2.4,Gas,Automatic,29000,Riyadh,15,22999.999999999996,25662,2662,11.6,Good (10-25%)
655,Ford,Victoria,2011,Saudi,Bronze,Full,1.2,Gas,Automatic,60000,Jeddah,15,55000.00000000004,25092,29908,54.4,Poor (>50%)
656,Nissan,Sunny,2014,Saudi,Red,Standard,1.5,Gas,Automatic,139740,Riyadh,12,20000.000000000015,22098,2098,10.5,Good (10-25%)
657,Nissan,Sunny,2018,Saudi,White,Standard,1.5,Gas,Automatic,52000,Riyadh,8,31000.000000000015,30203,797,2.6,Excellent (<10%)
658,Isuzu,D-MAX,2013,Saudi,White,Standard,2.5,Diesel,Manual,137000,Riyadh,13,55000.00000000004,37798,17202,31.3,Fair (25-50%)
659,Toyota,Hilux,2014,Gulf Arabic,White,Semi Full,2.7,Gas,Automatic,21000,Riyadh,12,75000.00000000004,47643,27357,36.5,Fair (25-50%)
660,Changan,Seven,2020,Saudi,White,Standard,1.5,Gas,Automatic,36833,Riyadh,6,28500.000000000004,28799,299,1.0,Excellent (<10%)
661,Toyota,Rav4,2011,Saudi,White,Semi Full,2.4,Gas,Automatic,400000,Jeddah,15,35000.00000000001,24573,10427,29.8,Fair (25-50%)
662,Other,Other,1980,Other,Yellow,Standard,2.4,Diesel,Manual,2500,Qassim,46,219999.99999999983,20417,199583,90.7,Poor (>50%)
663,Toyota,Corolla,2019,Saudi,Silver,Standard,1.6,Gas,Automatic,52443,Riyadh,7,56499.99999999996,50980,5520,9.8,Excellent (<10%)
664,Hyundai,Senta fe,2020,Saudi,Grey,Semi Full,3.5,Gas,Automatic,3773,Riyadh,6,124500.00000000003,55003,69497,55.8,Poor (>50%)
665,Hyundai,H1,2016,Saudi,White,Semi Full,2.4,Gas,Automatic,179000,Riyadh,10,44999.999999999985,46394,1394,3.1,Excellent (<10%)
666,Hyundai,Senta fe,2014,Saudi,Black,Full,1.4,Gas,Automatic,265000,Qassim,12,52000.000000000044,29793,22207,42.7,Fair (25-50%)
667,Lexus,RX,2015,Saudi,Brown,Full,3.5,Gas,Automatic,73000,Jeddah,11,109999.99999999991,121841,11841,10.8,Good (10-25%)
668,Hyundai,Accent,2017,Saudi,White,Standard,1.4,Gas,Automatic,91000,Riyadh,9,29999.99999999999,30426,426,1.4,Excellent (<10%)
669,Kia,Optima,2015,Saudi,Navy,Semi Full,2.0,Gas,Automatic,359397,Riyadh,11,35000.00000000001,34527,473,1.4,Excellent (<10%)
670,Toyota,FJ,2017,Saudi,White,Standard,4.0,Gas,Automatic,100329,Riyadh,9,121500.00000000007,116575,4925,4.1,Excellent (<10%)
671,Kia,Carnival,2009,Other,White,Semi Full,3.8,Gas,Automatic,176000,Jeddah,17,14999.99999999999,27447,12447,83.0,Poor (>50%)
672,Toyota,Land Cruiser,2007,Gulf Arabic,White,Semi Full,4.5,Gas,Manual,480000,Dammam,19,61999.99999999997,58826,3174,5.1,Excellent (<10%)
673,Toyota,Camry,2005,Saudi,Blue,Full,1.6,Gas,Manual,360000,Najran,21,21999.999999999993,14240,7760,35.3,Fair (25-50%)
674,Toyota,Yaris,2019,Saudi,Silver,Semi Full,1.5,Gas,Automatic,42628,Dammam,7,38499.99999999997,45320,6820,17.7,Good (10-25%)
675,Toyota,Camry,2001,Other,Another Color,Semi Full,2.5,Gas,Manual,490,Aseer,25,18999.999999999985,14120,4880,25.7,Fair (25-50%)
676,Nissan,Sunny,2018,Saudi,White,Standard,1.5,Gas,Automatic,99000,Dammam,8,25999.999999999985,27514,1514,5.8,Excellent (<10%)
677,Hyundai,Azera,2016,Saudi,Another Color,Full,3.5,Gas,Automatic,146000,Jeddah,10,56499.99999999996,58585,2085,3.7,Excellent (<10%)
678,Mercedes,E,2018,Gulf Arabic,Black,Standard,2.0,Gas,Automatic,167,Riyadh,8,114999.99999999991,168569,53569,46.6,Fair (25-50%)
679,Chevrolet,Malibu,2014,Saudi,Black,Full,2.6,Gas,Automatic,138,Makkah,12,26999.999999999978,38255,11255,41.7,Fair (25-50%)
680,Toyota,FJ,2008,Saudi,Bronze,Full,4.0,Gas,Automatic,300000,Riyadh,18,50000.000000000015,38890,11110,22.2,Good (10-25%)
681,Toyota,Furniture,2020,Saudi,White,Semi Full,2.7,Gas,Automatic,11571,Riyadh,6,116499.99999999991,104624,11876,10.2,Good (10-25%)
682,Hyundai,Sonata,2016,Saudi,Brown,Semi Full,2.4,Gas,Automatic,235000,Riyadh,10,46000.000000000044,39142,6858,14.9,Good (10-25%)
683,Jeep,Cherokee,2016,Saudi,Black,Standard,2.4,Gas,Automatic,90000,Jeddah,10,40999.99999999999,53919,12919,31.5,Fair (25-50%)
684,Chevrolet,Tahoe,2016,Saudi,Brown,Standard,5.3,Gas,Automatic,194000,Dammam,10,108000.00000000001,103630,4370,4.0,Excellent (<10%)
685,Hyundai,Elantra,2020,Saudi,White,Standard,2.0,Gas,Automatic,102000,Dammam,6,53000.00000000002,56599,3599,6.8,Excellent (<10%)
686,Chevrolet,Tahoe,2016,Saudi,Silver,Standard,5.2,Gas,Automatic,144000,Al-Ahsa,10,112000.00000000004,104322,7678,6.9,Excellent (<10%)
687,Toyota,Camry,2014,Gulf Arabic,White,Standard,2.5,Gas,Automatic,130000,Jeddah,12,37000.00000000001,45308,8308,22.5,Good (10-25%)
688,Lexus,GS,2017,Saudi,Bronze,Full,3.5,Gas,Automatic,80000,Dammam,9,175000.00000000012,155107,19893,11.4,Good (10-25%)
689,Chevrolet,Malibu,2010,Saudi,Grey,Semi Full,2.5,Gas,Automatic,135000,Al-Medina,16,10000.00000000001,24489,14489,144.9,Poor (>50%)
690,Chevrolet,Tahoe,2016,Saudi,Another Color,Standard,5.3,Gas,Automatic,124000,Dammam,10,120000.00000000004,114586,5414,4.5,Excellent (<10%)
691,Toyota,Camry,2010,Saudi,Another Color,Standard,2.0,Gas,Manual,550000,Jeddah,16,20000.000000000015,20787,787,3.9,Excellent (<10%)
692,Land Rover,Range Rover,2008,Saudi,White,Full,5.0,Gas,Automatic,329000,Dammam,18,31999.999999999993,33778,1778,5.6,Excellent (<10%)
693,Hyundai,Elantra,2018,Saudi,Silver,Semi Full,1.6,Gas,Automatic,86000,Al-Ahsa,8,49000.00000000002,49004,4,0.0,Excellent (<10%)
694,Mazda,6,2016,Saudi,Black,Standard,2.5,Gas,Automatic,88350,Jeddah,10,50000.000000000015,53550,3550,7.1,Excellent (<10%)
695,Renault,Fluence,2015,Saudi,White,Semi Full,1.6,Gas,Automatic,91000,Dammam,11,20000.000000000015,25363,5363,26.8,Fair (25-50%)
696,Nissan,Patrol,2015,Saudi,Grey,Full,3.2,Gas,Automatic,125000,Riyadh,11,130000.00000000009,76957,53043,40.8,Fair (25-50%)
697,Toyota,Land Cruiser,2016,Saudi,White,Full,4.0,Gas,Automatic,179812,Qassim,10,155000.00000000012,146496,8504,5.5,Excellent (<10%)
698,Ford,Echo Sport,2020,Gulf Arabic,Silver,Semi Full,2.0,Gas,Automatic,3000,Riyadh,6,55000.00000000004,68920,13920,25.3,Fair (25-50%)
699,Ford,Expedition,2016,Gulf Arabic,White,Full,5.4,Gas,Automatic,81000,Riyadh,10,87999.99999999996,109701,21701,24.7,Good (10-25%)
700,Hyundai,Elantra,2019,Saudi,White,Standard,1.6,Gas,Automatic,31595,Riyadh,7,58000.00000000003,52573,5427,9.4,Excellent (<10%)
701,Hyundai,Accent,2016,Saudi,White,Standard,1.4,Gas,Automatic,178000,Dammam,10,25000.000000000004,25934,934,3.7,Excellent (<10%)
702,Ford,Taurus,2012,Saudi,White,Semi Full,3.5,Gas,Automatic,327000,Dammam,14,35000.00000000001,32861,2139,6.1,Excellent (<10%)
703,GMC,Yukon,2002,Other,Black,Semi Full,5.3,Gas,Automatic,300000,Jeddah,24,10000.00000000001,15839,5839,58.4,Poor (>50%)
704,Hyundai,Sonata,2019,Saudi,Silver,Standard,2.4,Gas,Automatic,129413,Riyadh,7,57500.00000000001,57990,490,0.9,Excellent (<10%)
705,Chevrolet,Suburban,2016,Gulf Arabic,Golden,Standard,5.2,Gas,Automatic,96000,Riyadh,10,125999.99999999993,121715,4285,3.4,Excellent (<10%)
706,Ford,Taurus,2017,Saudi,Silver,Standard,3.5,Gas,Automatic,132000,Dammam,9,64999.999999999956,67352,2352,3.6,Excellent (<10%)
707,Other,Other,2020,Other,Black,Standard,1.1,Gas,Manual,2848,Al-Baha,6,2000.0,21219,19219,961.0,Poor (>50%)
708,Toyota,Camry,2019,Saudi,Black,Standard,2.5,Gas,Automatic,48000,Riyadh,7,80000.0,74608,5392,6.7,Excellent (<10%)
709,Dodge,Durango,2014,Saudi,White,Standard,5.7,Gas,Automatic,170000,Jeddah,12,43999.99999999997,51733,7733,17.6,Good (10-25%)
710,Hyundai,Azera,2019,Saudi,Grey,Standard,3.0,Gas,Automatic,74000,Riyadh,7,80000.0,56643,23357,29.2,Fair (25-50%)
711,Nissan,Patrol,2019,Saudi,White,Full,4.0,Gas,Automatic,43000,Riyadh,7,225000.00000000015,186470,38530,17.1,Good (10-25%)
712,Hyundai,Accent,2020,Saudi,Silver,Standard,1.4,Gas,Automatic,19717,Riyadh,6,41500.000000000015,42008,508,1.2,Excellent (<10%)
713,Audi,A6,2013,Saudi,Black,Semi Full,3.0,Gas,Automatic,75000,Riyadh,13,70000.00000000001,58404,11596,16.6,Good (10-25%)
714,BMW,X,2015,Gulf Arabic,White,Full,1.6,Gas,Automatic,72000,Riyadh,11,170000.00000000012,56467,113533,66.8,Poor (>50%)
715,Toyota,Yaris,2018,Saudi,White,Standard,1.5,Gas,Automatic,62000,Riyadh,8,35000.00000000001,34252,748,2.1,Excellent (<10%)
716,Jaguar,F-Pace,2019,Saudi,Blue,Full,2.5,Gas,Automatic,27000,Riyadh,7,185000.00000000006,103477,81523,44.1,Fair (25-50%)
717,Ford,Mustang,2019,Other,Red,Full,2.3,Gas,Automatic,86000,Jeddah,7,124999.9999999999,106219,18781,15.0,Good (10-25%)
718,Toyota,Corolla,2015,Saudi,Silver,Standard,1.6,Gas,Automatic,176277,Dammam,11,37000.00000000001,30956,6044,16.3,Good (10-25%)
719,Kia,Cadenza,2018,Gulf Arabic,Brown,Semi Full,3.3,Gas,Automatic,69000,Dammam,8,70999.99999999994,82407,11407,16.1,Good (10-25%)
720,Honda,Odyssey,2015,Saudi,Another Color,Full,2.4,Gas,Automatic,100000,Jeddah,11,53000.00000000002,58378,5378,10.1,Good (10-25%)
721,Toyota,Furniture,2014,Saudi,White,Full,2.7,Gas,Automatic,400000,Sakaka,12,50000.000000000015,49360,640,1.3,Excellent (<10%)
722,Nissan,Sunny,2019,Saudi,White,Standard,1.5,Gas,Automatic,112963,Riyadh,7,27499.99999999998,26925,575,2.1,Excellent (<10%)
723,Toyota,Camry,2016,Gulf Arabic,White,Standard,2.5,Gas,Automatic,116987,Qassim,10,58000.00000000003,59197,1197,2.1,Excellent (<10%)
724,Chevrolet,Caprice,2013,Saudi,Black,Semi Full,6.0,Gas,Automatic,325000,Riyadh,13,53000.00000000002,47684,5316,10.0,Excellent (<10%)
725,Nissan,Sunny,2018,Saudi,Silver,Standard,1.5,Gas,Automatic,106036,Riyadh,8,25899.99999999999,25028,872,3.4,Excellent (<10%)
726,Ford,Taurus,2010,Other,Black,Semi Full,3.5,Gas,Automatic,406593,Jeddah,16,18999.999999999985,24597,5597,29.5,Fair (25-50%)
727,Toyota,Corolla,2016,Other,White,Standard,5.8,Gas,Automatic,114,Tabouk,10,35000.00000000001,98833,63833,182.4,Poor (>50%)
728,Dodge,Durango,2011,Saudi,White,Semi Full,5.7,Gas,Automatic,200900,Jeddah,15,29999.99999999999,38980,8980,29.9,Fair (25-50%)
729,Lexus,LX,2017,Saudi,Bronze,Full,5.7,Gas,Automatic,51000,Dammam,9,339999.99999999994,314648,25352,7.5,Excellent (<10%)
730,Mercury,Grand Marquis,2007,Unknown,Silver,Full,4.6,Gas,Automatic,179000,Al-Medina,19,23999.99999999999,25806,1806,7.5,Excellent (<10%)
731,Chevrolet,Silverado,2014,Saudi,Red,Semi Full,5.3,Gas,Automatic,213000,Dammam,12,70000.00000000001,62580,7420,10.6,Good (10-25%)
732,GMC,Safari,2005,Saudi,Another Color,Semi Full,5.3,Gas,Automatic,84000,Dammam,21,21999.999999999993,26365,4365,19.8,Good (10-25%)
733,INFINITI,Q,2015,Saudi,Blue,Semi Full,2.0,Gas,Automatic,74000,Riyadh,11,69499.99999999996,45681,23819,34.3,Fair (25-50%)
734,Toyota,Hilux,2015,Saudi,White,Semi Full,2.7,Gas,Manual,328000,Qassim,11,64999.999999999956,55793,9207,14.2,Good (10-25%)
735,Chevrolet,Malibu,2018,Saudi,Black,Semi Full,2.5,Gas,Automatic,56500,Qassim,8,67999.99999999999,71524,3524,5.2,Excellent (<10%)
736,Toyota,Camry,2017,Saudi,Silver,Semi Full,2.0,Gas,Automatic,135000,Qassim,9,46999.99999999999,54957,7957,16.9,Good (10-25%)
737,HAVAL,H6,2020,Saudi,Silver,Standard,2.0,Gas,Automatic,20000,Dammam,6,57000.000000000044,85681,28681,50.3,Poor (>50%)
738,Toyota,Land Cruiser Pickup,2015,Saudi,White,Semi Full,4.0,Gas,Manual,157000,Dammam,11,90000.00000000001,94253,4253,4.7,Excellent (<10%)
739,Toyota,Cressida,1994,Saudi,White,Standard,4.0,Gas,Manual,277000,Al-Medina,32,10999.999999999993,13540,2540,23.1,Good (10-25%)
740,Mitsubishi,L200,2020,Saudi,White,Standard,2.5,Diesel,Manual,197,Jeddah,6,70999.99999999994,92577,21577,30.4,Fair (25-50%)
741,Toyota,Yaris,2017,Saudi,Green,Standard,1.5,Gas,Automatic,133000,Dammam,9,28999.999999999996,31744,2744,9.5,Excellent (<10%)
742,Mitsubishi,Lancer,2009,Other,Grey,Standard,1.6,Gas,Automatic,222835,Riyadh,17,11499.999999999998,13604,2104,18.3,Good (10-25%)
743,Lexus,IS,2018,Saudi,Black,Semi Full,3.5,Gas,Automatic,131000,Riyadh,8,166000.00000000003,108671,57329,34.5,Fair (25-50%)
744,Cadillac,Escalade,2016,Other,Grey,Full,6.2,Gas,Automatic,114000,Dammam,10,178999.99999999994,153364,25636,14.3,Good (10-25%)
745,Mazda,CX9,2015,Saudi,Silver,Full,3.7,Gas,Automatic,260000,Dammam,11,62999.99999999995,59057,3943,6.3,Excellent (<10%)
746,Jeep,Grand Cherokee,2014,Saudi,Black,Full,5.7,Gas,Automatic,120000,Riyadh,12,84999.99999999996,83852,1148,1.4,Excellent (<10%)
747,Honda,City,2017,Saudi,White,Standard,1.5,Gas,Automatic,92000,Dammam,9,28000.00000000002,37348,9348,33.4,Fair (25-50%)
748,GMC,Sierra,2008,Saudi,White,Standard,5.3,Gas,Automatic,194,Dammam,18,39500.00000000001,32951,6549,16.6,Good (10-25%)
749,GMC,Yukon,2010,Saudi,Golden,Standard,5.3,Gas,Automatic,352000,Riyadh,16,41999.99999999999,50857,8857,21.1,Good (10-25%)
750,Lexus,RX,2008,Other,Silver,Full,3.5,Gas,Automatic,225,Jeddah,18,37000.00000000001,30550,6450,17.4,Good (10-25%)
751,Toyota,Camry,2016,Gulf Arabic,White,Full,2.5,Gas,Automatic,247,Riyadh,10,55000.00000000004,62089,7089,12.9,Good (10-25%)
752,Porsche,Cayenne,2009,Saudi,Black,Full,3.6,Gas,Automatic,277000,Jeddah,17,41999.99999999999,38315,3685,8.8,Excellent (<10%)
753,Honda,Accord,2017,Saudi,Navy,Semi Full,2.4,Gas,Automatic,223000,Riyadh,9,75000.00000000004,61921,13079,17.4,Good (10-25%)
754,Toyota,Land Cruiser,2003,Gulf Arabic,Another Color,Semi Full,1.0,Gas,Automatic,479364,Riyadh,23,35000.00000000001,24038,10962,31.3,Fair (25-50%)
755,BMW,The 4,2015,Gulf Arabic,Blue,Full,2.0,Gas,Automatic,122000,Riyadh,11,109999.99999999991,71351,38649,35.1,Fair (25-50%)
756,Toyota,Yaris,2016,Saudi,Blue,Semi Full,1.5,Gas,Automatic,130000,Al-Jouf,10,29999.99999999999,30597,597,2.0,Excellent (<10%)
757,Lexus,ES,2017,Gulf Arabic,White,Full,3.5,Gas,Automatic,75000,Riyadh,9,140999.99999999994,138759,2241,1.6,Excellent (<10%)
758,Mitsubishi,Pajero,2016,Saudi,White,Semi Full,3.5,Gas,Automatic,153042,Riyadh,10,61500.00000000001,54308,7192,11.7,Good (10-25%)
759,Dodge,Charger,2019,Saudi,Another Color,Semi Full,3.6,Gas,Automatic,51000,Jubail,7,2069.0,110525,108456,5242.0,
760,Honda,Civic,2017,Saudi,Silver,Standard,1.6,Gas,Automatic,86000,Makkah,9,40000.0,45297,5297,13.2,Good (10-25%)
761,Hyundai,Elantra,2019,Saudi,White,Standard,1.6,Gas,Automatic,75392,Riyadh,7,52499.99999999997,48109,4391,8.4,Excellent (<10%)
762,Chrysler,C300,2010,Other,Red,Full,5.7,Gas,Automatic,100000,Riyadh,16,20000.000000000015,35517,15517,77.6,Poor (>50%)
763,Mazda,3,2018,Saudi,Silver,Standard,1.8,Gas,Automatic,23000,Al-Medina,8,55000.00000000004,51768,3232,5.9,Excellent (<10%)
764,Hyundai,Elantra,2019,Saudi,Navy,Standard,1.6,Gas,Automatic,56536,Riyadh,7,46999.99999999999,50728,3728,7.9,Excellent (<10%)
765,Hyundai,Elantra,2017,Saudi,Brown,Standard,2.0,Gas,Automatic,135000,Riyadh,9,35000.00000000001,41442,6442,18.4,Good (10-25%)
766,Porsche,Macan,2015,Saudi,Another Color,Full,3.5,Gas,Automatic,93000,Jeddah,11,138000.00000000006,116622,21378,15.5,Good (10-25%)
767,Toyota,Camry,2016,Saudi,White,Semi Full,2.5,Gas,Automatic,238000,Jeddah,10,48499.99999999998,52088,3588,7.4,Excellent (<10%)
768,Kia,Cadenza,2020,Saudi,White,Standard,3.5,Gas,Automatic,38000,Riyadh,6,67999.99999999999,70644,2644,3.9,Excellent (<10%)
769,Toyota,Camry,2020,Saudi,White,Full,2.4,Gas,Automatic,2000,Makkah,6,118999.99999999993,98488,20512,17.2,Good (10-25%)
770,Toyota,Innova,2017,Saudi,White,Full,2.7,Gas,Automatic,130000,Jeddah,9,67000.0,67523,523,0.8,Excellent (<10%)
771,Ford,Mustang,2004,Other,Silver,Full,4.6,Gas,Manual,172,Jeddah,22,35000.00000000001,17610,17390,49.7,Fair (25-50%)
772,Toyota,Prado,2019,Gulf Arabic,White,Full,4.0,Gas,Automatic,82000,Riyadh,7,149500.00000000012,138523,10977,7.3,Excellent (<10%)
773,Hyundai,Sonata,2019,Saudi,Brown,Standard,2.4,Gas,Automatic,63000,Riyadh,7,60000.000000000015,60246,246,0.4,Excellent (<10%)
774,Honda,Odyssey,2015,Saudi,Silver,Semi Full,2.5,Gas,Automatic,296000,Jeddah,11,43000.00000000002,44220,1220,2.8,Excellent (<10%)
775,Mazda,6,2021,Saudi,Grey,Standard,2.5,Gas,Automatic,115,Jeddah,5,93000.00000000007,88243,4757,5.1,Excellent (<10%)
776,Hyundai,Elantra,2013,Saudi,Blue,Semi Full,2.0,Gas,Automatic,300000,Aseer,13,20000.000000000015,28647,8647,43.2,Fair (25-50%)
777,Mercedes,G,2015,Saudi,Black,Full,4.0,Gas,Automatic,188000,Dammam,11,270000.00000000006,158064,111936,41.5,Fair (25-50%)
778,Hyundai,Accent,2019,Saudi,White,Standard,1.4,Gas,Automatic,44000,Jeddah,7,39000.0,38542,458,1.2,Excellent (<10%)
779,Toyota,Hilux,2012,Gulf Arabic,White,Standard,2.7,Gas,Manual,171000,Riyadh,14,47500.000000000015,42989,4511,9.5,Excellent (<10%)
780,Honda,Accord,2016,Saudi,Brown,Full,1.0,Gas,Automatic,116000,Riyadh,10,61999.99999999997,61799,201,0.3,Excellent (<10%)
781,Toyota,Land Cruiser,2009,Saudi,White,Full,5.7,Gas,Automatic,470000,Qurayyat,17,76000.0,65778,10222,13.4,Good (10-25%)
782,Chevrolet,Lumina,2006,Saudi,Silver,Standard,3.8,Gas,Automatic,306000,Khobar,20,9000.0,14296,5296,58.8,Poor (>50%)
783,Ford,Echo Sport,2021,Gulf Arabic,Silver,Semi Full,1.5,Gas,Automatic,1900,Riyadh,5,55000.00000000004,57155,2155,3.9,Excellent (<10%)
784,Hyundai,Sonata,2016,Saudi,Grey,Semi Full,2.4,Gas,Automatic,96460,Riyadh,10,49000.00000000002,49312,312,0.6,Excellent (<10%)
785,Toyota,Camry,2020,Unknown,White,Full,2.5,Gas,Automatic,10616,Al-Medina,6,104500.00000000003,74997,29503,28.2,Fair (25-50%)
786,Honda,Accord,2013,Saudi,White,Semi Full,2.4,Gas,Automatic,363000,Al-Medina,13,42500.00000000003,44085,1585,3.7,Excellent (<10%)
787,Toyota,Corolla,2017,Saudi,Silver,Standard,1.6,Gas,Automatic,100000,Dammam,9,43999.99999999997,44691,691,1.6,Excellent (<10%)
788,Dodge,Challenger,2014,Saudi,Silver,Full,5.7,Gas,Automatic,155000,Riyadh,12,67999.99999999999,62690,5310,7.8,Excellent (<10%)
789,Lexus,ES,2021,Saudi,Grey,Semi Full,3.5,Gas,Automatic,500,Jeddah,5,235000.0,169970,65030,27.7,Fair (25-50%)
790,Ford,Focus,2014,Gulf Arabic,Blue,Standard,1.6,Gas,Automatic,98000,Khobar,12,22999.999999999996,26300,3300,14.3,Good (10-25%)
791,Nissan,Patrol,2019,Saudi,Black,Full,4.0,Gas,Automatic,42527,Riyadh,7,170000.00000000012,189175,19175,11.3,Good (10-25%)
792,Toyota,Hilux,2016,Other,White,Full,2.7,Gas,Automatic,208,Hail,10,76999.99999999997,58860,18140,23.6,Good (10-25%)
793,BMW,The 7,2018,Saudi,White,Full,2.0,Gas,Automatic,52000,Riyadh,8,199999.99999999997,214330,14330,7.2,Excellent (<10%)
794,Ford,Expedition,2013,Saudi,Black,Semi Full,5.4,Gas,Automatic,187000,Al-Ahsa,13,60000.000000000015,50175,9825,16.4,Good (10-25%)
795,Mercedes,C,2016,Saudi,White,Full,2.0,Gas,Automatic,93000,Jazan,10,75000.00000000004,121334,46334,61.8,Poor (>50%)
796,Ford,Taurus,2018,Other,Black,Semi Full,3.5,Gas,Automatic,100000,Dammam,8,89000.00000000004,86014,2986,3.4,Excellent (<10%)
797,Mercedes,C,2017,Other,Black,Full,2.0,Gas,Automatic,86000,Jeddah,9,104999.99999999997,159818,54818,52.2,Poor (>50%)
798,Lexus,ES,2016,Gulf Arabic,White,Semi Full,3.0,Gas,Automatic,72000,Riyadh,10,108000.00000000001,115299,7299,6.8,Excellent (<10%)
799,Bentley,Flying Spur,2011,Saudi,Navy,Full,6.0,Gas,Automatic,183000,Jeddah,15,100000.00000000004,101186,1186,1.2,Excellent (<10%)
800,Nissan,Pathfinder,2005,Saudi,Silver,Semi Full,3.5,Gas,Manual,302000,Jeddah,21,18999.999999999985,15950,3050,16.1,Good (10-25%)
801,Nissan,Patrol,1999,Saudi,Grey,Semi Full,4.5,Gas,Manual,600000,Qassim,27,16999.99999999999,17679,679,4.0,Excellent (<10%)
802,Fiat,Doblo,2016,Saudi,White,Standard,1.4,Gas,Manual,28400,Riyadh,10,20000.000000000015,32805,12805,64.0,Poor (>50%)
803,Hyundai,Sonata,2018,Saudi,White,Semi Full,2.4,Gas,Automatic,108000,Riyadh,8,55000.00000000004,57332,2332,4.2,Excellent (<10%)
804,Toyota,Yaris,2016,Saudi,White,Standard,1.4,Gas,Automatic,128000,Dammam,10,25000.000000000004,27834,2834,11.3,Good (10-25%)
805,Mercedes,C,2019,Saudi,Silver,Semi Full,2.0,Gas,Automatic,44000,Dammam,7,185000.00000000006,173201,11799,6.4,Excellent (<10%)
806,Chevrolet,Tahoe,2019,Saudi,Black,Standard,5.3,Gas,Automatic,117000,Riyadh,7,145000.00000000012,130253,14747,10.2,Good (10-25%)
807,GMC,Yukon,2012,Saudi,Bronze,Semi Full,5.3,Gas,Automatic,410000,Hafar Al-Batin,14,56600.00000000002,57422,822,1.5,Excellent (<10%)
808,Honda,Accord,2018,Gulf Arabic,Grey,Full,1.5,Gas,Automatic,40804,Qassim,8,95000.00000000001,82698,12302,12.9,Good (10-25%)
809,Ford,Explorer,2010,Saudi,Black,Standard,6.0,Gas,Automatic,35000,Riyadh,16,159999.99999999997,24276,135724,84.8,Poor (>50%)
810,Toyota,Yaris,2010,Saudi,Silver,Standard,1.3,Gas,Manual,350000,Jeddah,16,12999.999999999995,15654,2654,20.4,Good (10-25%)
811,GAC,GS3,2021,Saudi,White,Full,1.3,Gas,Automatic,9000,Al-Ahsa,5,57000.000000000044,56858,142,0.2,Excellent (<10%)
812,Toyota,Hilux,2021,Saudi,White,Full,4.0,Gas,Automatic,4500,Aseer,5,162000.00000000012,154420,7580,4.7,Excellent (<10%)
813,Mercedes,E,2016,Other,Black,Standard,2.0,Gas,Automatic,110440,Riyadh,10,98000.00000000003,109998,11998,12.2,Good (10-25%)
814,Toyota,Hiace,2017,Saudi,Red,Standard,2.7,Gas,Manual,61000,Dammam,9,62999.99999999995,70478,7478,11.9,Good (10-25%)
815,Hyundai,Sonata,2018,Saudi,Silver,Standard,2.4,Gas,Automatic,134000,Riyadh,8,48000.00000000004,55860,7860,16.4,Good (10-25%)
816,Mercedes,E,2021,Other,White,Standard,2.0,Gas,Automatic,4000,Riyadh,5,259000.0,198755,60245,23.3,Good (10-25%)
817,Daihatsu,Delta,2013,Saudi,White,Standard,3.7,Gas,Manual,157000,Jeddah,13,31999.999999999993,51087,19087,59.6,Poor (>50%)
818,Daihatsu,Gran Max,2014,Saudi,White,Standard,1.5,Gas,Manual,95000,Dammam,12,28000.00000000002,22336,5664,20.2,Good (10-25%)
819,Chevrolet,Caprice,2011,Saudi,Another Color,Full,6.0,Gas,Automatic,200000,Riyadh,15,46000.000000000044,47178,1178,2.6,Excellent (<10%)
820,Mercedes,S,2000,Saudi,Black,Semi Full,3.0,Gas,Automatic,100,Dammam,26,14999.99999999999,16638,1638,10.9,Good (10-25%)
821,Chevrolet,Suburban,2016,Saudi,White,Standard,5.3,Gas,Automatic,174000,Dammam,10,103000.00000000001,102428,572,0.6,Excellent (<10%)
822,GMC,Yukon,2009,Saudi,Golden,Standard,5.3,Gas,Automatic,395000,Riyadh,17,43000.00000000002,42503,497,1.2,Excellent (<10%)
823,Porsche,Macan,2016,Saudi,Blue,Full,3.0,Gas,Automatic,86000,Dammam,10,157999.99999999997,142790,15210,9.6,Excellent (<10%)
824,Nissan,Sunny,2019,Saudi,Silver,Standard,1.5,Gas,Automatic,96341,Riyadh,7,25999.999999999985,27483,1483,5.7,Excellent (<10%)
825,Hyundai,H1,2008,Saudi,White,Full,2.4,Gas,Manual,1000,Tabouk,18,16999.99999999999,21737,4737,27.9,Fair (25-50%)
826,Lexus,ES,2017,Gulf Arabic,Black,Full,3.5,Gas,Automatic,39000,Riyadh,9,159999.99999999997,148670,11330,7.1,Excellent (<10%)
827,Nissan,Datsun,2016,Saudi,White,Standard,2.4,Gas,Manual,866,Qassim,10,53000.00000000002,52184,816,1.5,Excellent (<10%)
828,BMW,The 7,2003,Saudi,Brown,Full,2.0,Gas,Automatic,106000,Abha,23,33999.99999999999,18878,15122,44.5,Fair (25-50%)
829,Chrysler,C300,2013,Saudi,White,Full,5.7,Gas,Automatic,200,Makkah,13,55000.00000000004,58581,3581,6.5,Excellent (<10%)
830,Hyundai,Elantra,2019,Saudi,Grey,Full,2.0,Gas,Automatic,39000,Jubail,7,64999.999999999956,65314,314,0.5,Excellent (<10%)
831,Volkswagen,Touareg,2012,Saudi,Another Color,Semi Full,4.0,Gas,Automatic,243000,Riyadh,14,50000.000000000015,46041,3959,7.9,Excellent (<10%)
832,Kia,Optima,2015,Saudi,Navy,Semi Full,2.4,Gas,Automatic,173544,Riyadh,11,37000.00000000001,39510,2510,6.8,Excellent (<10%)
833,Hyundai,Elantra,2018,Saudi,Silver,Standard,1.6,Gas,Automatic,57000,Riyadh,8,43999.99999999997,49684,5684,12.9,Good (10-25%)
834,Lexus,ES,2017,Gulf Arabic,Black,Full,3.5,Gas,Automatic,75000,Riyadh,9,124999.9999999999,138149,13149,10.5,Good (10-25%)
835,Hyundai,Elantra,2017,Saudi,Grey,Standard,2.0,Gas,Automatic,146000,Riyadh,9,40000.0,42002,2002,5.0,Excellent (<10%)
836,Toyota,Hilux,2016,Saudi,White,Semi Full,1.0,Gas,Manual,121,Al-Medina,10,60499.99999999998,44919,15581,25.8,Fair (25-50%)
837,Nissan,Datsun,2015,Saudi,White,Standard,2.7,Gas,Manual,77000,Jeddah,11,44999.999999999985,54159,9159,20.4,Good (10-25%)
838,Kia,Cadenza,2016,Saudi,White,Standard,3.3,Gas,Automatic,122000,Riyadh,10,50000.000000000015,57738,7738,15.5,Good (10-25%)
839,Hyundai,Accent,2017,Saudi,White,Standard,1.6,Gas,Automatic,137000,Dammam,9,28999.999999999996,30473,1473,5.1,Excellent (<10%)
840,Hyundai,Sonata,2019,Saudi,Grey,Semi Full,2.4,Gas,Automatic,78000,Riyadh,7,61999.99999999997,52608,9392,15.1,Good (10-25%)
841,Mercedes,SL,2017,Saudi,Grey,Full,4.7,Gas,Automatic,29000,Dammam,9,280000.0,263889,16111,5.8,Excellent (<10%)
842,Porsche,Panamera,2018,Saudi,Red,Standard,3.5,Gas,Automatic,26000,Dammam,8,330000.0000000001,108195,221805,67.2,Poor (>50%)
843,Toyota,FJ,2014,Saudi,Another Color,Semi Full,4.0,Gas,Automatic,199000,Dammam,12,95000.00000000001,70446,24554,25.8,Fair (25-50%)
844,Ford,Victoria,2008,Saudi,Bronze,Standard,1.3,Gas,Automatic,278,Aseer,18,21999.999999999993,13244,8756,39.8,Fair (25-50%)
845,Mazda,6,2015,Gulf Arabic,Blue,Standard,2.5,Gas,Automatic,82000,Riyadh,11,50999.999999999985,46351,4649,9.1,Excellent (<10%)
846,Hyundai,Accent,2019,Saudi,Grey,Standard,1.4,Gas,Automatic,48521,Riyadh,7,39500.00000000001,38912,588,1.5,Excellent (<10%)
847,Mercedes,C,2016,Other,Navy,Full,2.2,Gas,Automatic,95000,Jeddah,10,126999.99999999991,123335,3665,2.9,Excellent (<10%)
848,Ford,Marquis,2010,Other,Another Color,Full,4.6,Gas,Automatic,360,Al-Medina,16,28999.999999999996,26091,2909,10.0,Excellent (<10%)
849,Hyundai,Accent,2019,Saudi,Silver,Standard,1.4,Gas,Automatic,70900,Dammam,7,40000.0,39014,986,2.5,Excellent (<10%)
850,Genesis,G80,2018,Saudi,Silver,Semi Full,3.8,Gas,Automatic,70000,Riyadh,8,109999.99999999991,108239,1761,1.6,Excellent (<10%)
851,Ford,Expedition,2003,Saudi,Black,Full,5.4,Gas,Automatic,400000,Al-Jouf,23,4000.0000000000014,11372,7372,184.3,Poor (>50%)
852,Ford,Taurus,2018,Saudi,Blue,Standard,3.5,Gas,Automatic,91769,Riyadh,8,67999.99999999999,76482,8482,12.5,Good (10-25%)
853,Toyota,Hilux,2016,Saudi,White,Full,2.7,Gas,Manual,28000,Dammam,10,95000.00000000001,77904,17096,18.0,Good (10-25%)
854,Mercedes,CLS,2007,Saudi,Grey,Full,6.3,Gas,Automatic,340000,Dammam,19,20999.99999999998,38338,17338,82.6,Poor (>50%)
855,Toyota,Hilux,2018,Saudi,White,Standard,2.7,Gas,Manual,132000,Riyadh,8,76999.99999999997,74541,2459,3.2,Excellent (<10%)
856,Genesis,Royal,2016,Saudi,White,Full,3.8,Gas,Automatic,55000,Riyadh,10,95000.00000000001,87486,7514,7.9,Excellent (<10%)
857,Changan,CS35,2021,Saudi,Blue,Full,1.6,Gas,Automatic,2400,Dammam,5,50999.999999999985,51594,594,1.2,Excellent (<10%)
858,Hyundai,Accent,2012,Saudi,White,Semi Full,1.6,Gas,Manual,228000,Jeddah,14,14999.99999999999,18740,3740,24.9,Good (10-25%)
859,Hyundai,Tucson,2018,Saudi,Blue,Standard,2.0,Gas,Automatic,17002,Jeddah,8,70500.0,64572,5928,8.4,Excellent (<10%)
860,Hyundai,Senta fe,2015,Gulf Arabic,Grey,Semi Full,1.6,Gas,Automatic,158000,Dammam,11,54000.00000000001,29612,24388,45.2,Fair (25-50%)
861,Toyota,Camry,2017,Saudi,Black,Standard,2.5,Gas,Automatic,135000,Dammam,9,60000.000000000015,55233,4767,7.9,Excellent (<10%)
862,Toyota,Land Cruiser,1999,Saudi,Silver,Full,4.7,Gas,Manual,238,Makkah,27,40000.0,37219,2781,7.0,Excellent (<10%)
863,Toyota,Hilux,2018,Saudi,White,Semi Full,2.7,Gas,Manual,111362,Riyadh,8,64500.000000000015,76441,11941,18.5,Good (10-25%)
864,Toyota,Hilux,2014,Saudi,White,Full,2.7,Gas,Manual,221000,Riyadh,12,70000.00000000001,49334,20666,29.5,Fair (25-50%)
865,Genesis,G70,2018,Saudi,Black,Full,2.0,Gas,Automatic,86867,Riyadh,8,116499.99999999991,84338,32162,27.6,Fair (25-50%)
866,Chevrolet,Tahoe,2016,Saudi,White,Standard,5.3,Gas,Automatic,194000,Riyadh,10,116000.0000000001,102814,13186,11.4,Good (10-25%)
867,Toyota,Prado,2021,Saudi,White,Semi Full,2.7,Gas,Automatic,4600,Hafar Al-Batin,5,150000.00000000006,113609,36391,24.3,Good (10-25%)
868,Hyundai,Tucson,2011,Saudi,White,Semi Full,2.0,Gas,Automatic,190000,Jeddah,15,25000.000000000004,20965,4035,16.1,Good (10-25%)
869,Toyota,Land Cruiser,2020,Gulf Arabic,White,Semi Full,5.7,Gas,Automatic,124000,Jeddah,6,249999.9999999998,193482,56518,22.6,Good (10-25%)
870,Hyundai,Sonata,2018,Saudi,White,Semi Full,2.4,Gas,Automatic,78000,Riyadh,8,62999.99999999995,62095,905,1.4,Excellent (<10%)
871,Kia,Rio,2017,Saudi,White,Standard,1.4,Gas,Automatic,131000,Riyadh,9,25500.000000000004,27191,1691,6.6,Excellent (<10%)
872,Kia,Rio,2018,Saudi,Oily,Semi Full,2.0,Gas,Automatic,85000,Riyadh,8,29999.99999999999,64992,34992,116.6,Poor (>50%)
873,Nissan,Maxima,2006,Other,Another Color,Standard,3.0,Gas,Manual,400000,Jeddah,20,10000.00000000001,15477,5477,54.8,Poor (>50%)
874,Lexus,IS,2017,Other,White,Full,3.0,Gas,Automatic,90000,Dammam,9,116999.99999999991,141436,24436,20.9,Good (10-25%)
875,Nissan,Patrol,2017,Saudi,White,Standard,4.0,Gas,Automatic,198000,Dammam,9,113999.99999999996,112354,1646,1.4,Excellent (<10%)
876,Honda,Pilot,2005,Other,Blue,Semi Full,6.0,Gas,Automatic,4130,Dammam,21,14999.99999999999,23275,8275,55.2,Poor (>50%)
877,Toyota,Land Cruiser,2019,Saudi,White,Full,4.6,Gas,Automatic,38000,Dammam,7,255000.0000000001,252781,2219,0.9,Excellent (<10%)
878,Hyundai,Kona,2020,Saudi,White,Semi Full,2.0,Gas,Automatic,21000,Riyadh,6,67000.0,70266,3266,4.9,Excellent (<10%)
879,Dodge,Charger,2020,Saudi,Grey,Standard,3.6,Gas,Automatic,11000,Riyadh,6,100000.00000000004,107299,7299,7.3,Excellent (<10%)
880,Toyota,Coaster,2014,Saudi,White,Standard,3.0,Gas,Manual,195000,Dammam,12,75000.00000000004,53469,21531,28.7,Fair (25-50%)
881,Hyundai,Azera,2019,Saudi,White,Standard,3.0,Gas,Automatic,61294,Riyadh,7,76499.99999999996,76759,259,0.3,Excellent (<10%)
882,Lexus,LS,2018,Gulf Arabic,Silver,Full,3.5,Gas,Automatic,32000,Riyadh,8,289999.9999999999,186319,103681,35.8,Fair (25-50%)
883,Toyota,Hiace,2017,Saudi,White,Standard,2.7,Gas,Manual,555555,Riyadh,9,73000.00000000003,63429,9571,13.1,Good (10-25%)
884,Nissan,Pathfinder,2006,Saudi,Blue,Semi Full,3.5,Gas,Automatic,300000,Riyadh,20,12999.999999999995,15264,2264,17.4,Good (10-25%)
885,Renault,Duster,2018,Saudi,Oily,Standard,2.0,Gas,Automatic,53811,Riyadh,8,29500.000000000007,39381,9881,33.5,Fair (25-50%)
886,Toyota,Camry,2016,Gulf Arabic,White,Semi Full,2.4,Gas,Automatic,78000,Riyadh,10,57000.000000000044,63048,6048,10.6,Good (10-25%)
887,Chevrolet,Caprice,2007,Gulf Arabic,Another Color,Semi Full,6.0,Gas,Automatic,300,Riyadh,19,14999.99999999999,23806,8806,58.7,Poor (>50%)
888,Nissan,Sunny,2019,Saudi,Silver,Standard,1.5,Gas,Automatic,105509,Riyadh,7,25999.999999999985,26674,674,2.6,Excellent (<10%)
889,Hyundai,Accent,2019,Saudi,White,Standard,1.4,Gas,Automatic,83000,Jeddah,7,37000.00000000001,36930,70,0.2,Excellent (<10%)
890,Peugeot,301,2014,Saudi,Another Color,Standard,1.6,Gas,Automatic,159,Tabouk,12,11999.999999999998,21272,9272,77.3,Poor (>50%)
891,Toyota,Yaris,2017,Saudi,White,Standard,1.3,Gas,Automatic,100000,Makkah,9,26999.999999999978,30453,3453,12.8,Good (10-25%)
892,Kia,Rio,2016,Saudi,Red,Standard,1.4,Gas,Automatic,157000,Riyadh,10,25000.000000000004,24635,365,1.5,Excellent (<10%)
893,BMW,X,2008,Saudi,Silver,Full,3.0,Gas,Automatic,300000,Riyadh,18,35000.00000000001,24299,10701,30.6,Fair (25-50%)
894,Mercedes,C,2016,Other,Grey,Full,2.0,Gas,Automatic,120000,Riyadh,10,113999.99999999996,122285,8285,7.3,Excellent (<10%)
895,Nissan,Patrol,2019,Saudi,White,Full,4.0,Gas,Automatic,42000,Jeddah,7,185000.00000000006,186301,1301,0.7,Excellent (<10%)
896,Ford,Explorer,2004,Saudi,Red,Semi Full,4.0,Gas,Automatic,400000,Riyadh,22,9000.0,11528,2528,28.1,Fair (25-50%)
897,Toyota,Furniture,2012,Saudi,White,Full,2.7,Gas,Automatic,213,Taef,14,58000.00000000003,47680,10320,17.8,Good (10-25%)
898,Kia,Sportage,2018,Gulf Arabic,White,Semi Full,2.4,Gas,Automatic,77000,Riyadh,8,58000.00000000003,66416,8416,14.5,Good (10-25%)
899,Chevrolet,Suburban,2013,Saudi,Brown,Semi Full,5.3,Gas,Automatic,358000,Riyadh,13,55000.00000000004,58178,3178,5.8,Excellent (<10%)
900,Ford,F150,2019,Saudi,Brown,Semi Full,5.4,Gas,Automatic,13000,Dammam,7,108000.00000000001,53280,54720,50.7,Poor (>50%)
901,Geely,Emgrand,2019,Saudi,Red,Full,1.8,Gas,Automatic,43000,Riyadh,7,44999.999999999985,53232,8232,18.3,Good (10-25%)
902,GMC,Suburban,1994,Saudi,Grey,Semi Full,5.3,Gas,Automatic,90531,Riyadh,32,9500.000000000005,16491,6991,73.6,Poor (>50%)
903,Hyundai,Sonata,2016,Saudi,White,Full,2.4,Gas,Automatic,140000,Dammam,10,56000.000000000044,51428,4572,8.2,Excellent (<10%)
904,Toyota,Furniture,2019,Saudi,White,Semi Full,4.0,Gas,Automatic,73909,Riyadh,7,116499.99999999991,128981,12481,10.7,Good (10-25%)
905,Peugeot,301,2015,Saudi,Blue,Semi Full,1.6,Gas,Manual,278000,Jeddah,11,14999.99999999999,28674,13674,91.2,Poor (>50%)
906,Hyundai,Sonata,2019,Saudi,Grey,Standard,2.4,Gas,Automatic,72000,Jeddah,7,60000.000000000015,57419,2581,4.3,Excellent (<10%)
907,Mercedes,GLC,2018,Gulf Arabic,White,Full,2.0,Gas,Automatic,51000,Riyadh,8,185000.00000000006,178008,6992,3.8,Excellent (<10%)
908,Hyundai,Azera,2019,Saudi,Black,Standard,3.3,Gas,Automatic,91000,Riyadh,7,76999.99999999997,63840,13160,17.1,Good (10-25%)
909,Chevrolet,Tahoe,2020,Saudi,Black,Semi Full,5.3,Gas,Automatic,67000,Riyadh,6,176000.00000000006,151491,24509,13.9,Good (10-25%)
910,GMC,Yukon,2015,Other,Golden,Semi Full,5.3,Gas,Automatic,292000,Aseer,11,75000.00000000004,89155,14155,18.9,Good (10-25%)
911,Toyota,Land Cruiser,2019,Saudi,White,Standard,4.0,Gas,Automatic,20000,Riyadh,7,181000.00000000006,87160,93840,51.8,Poor (>50%)
912,GMC,Yukon,2010,Saudi,White,Semi Full,5.3,Gas,Automatic,360000,Jazan,16,21999.999999999993,44549,22549,102.5,Poor (>50%)
913,Ford,Expedition,2013,Saudi,Navy,Semi Full,5.4,Gas,Automatic,94000,Dammam,13,60000.000000000015,58190,1810,3.0,Excellent (<10%)
914,Toyota,Land Cruiser,2007,Saudi,White,Full,4.5,Gas,Automatic,315000,Dammam,19,62999.99999999995,65365,2365,3.8,Excellent (<10%)
915,Hyundai,Tucson,2020,Saudi,Bronze,Semi Full,2.0,Gas,Automatic,22000,Jeddah,6,80000.0,74628,5372,6.7,Excellent (<10%)
916,Toyota,Land Cruiser 70,2012,Saudi,Another Color,Semi Full,4.0,Gas,Manual,327193,Riyadh,14,75000.00000000004,61970,13030,17.4,Good (10-25%)
917,Toyota,Camry,2020,Saudi,Silver,Standard,2.5,Gas,Automatic,25000,Jeddah,6,95000.00000000001,90974,4026,4.2,Excellent (<10%)
918,Nissan,Navara,2015,Other,White,Full,2.5,Gas,Automatic,19000,Jeddah,11,38000.000000000015,46704,8704,22.9,Good (10-25%)
919,Toyota,Avalon,2015,Other,White,Semi Full,3.5,Gas,Automatic,80000,Dammam,11,86000.00000000001,68692,17308,20.1,Good (10-25%)
920,Hyundai,Sonata,2018,Saudi,Grey,Standard,2.4,Gas,Automatic,84655,Riyadh,8,61500.00000000001,57624,3876,6.3,Excellent (<10%)
921,Mercedes,E,2019,Other,Grey,Full,2.0,Gas,Automatic,28000,Dammam,7,230000.0000000001,194011,35989,15.6,Good (10-25%)
922,Mercedes,C,2016,Other,White,Semi Full,2.0,Gas,Automatic,76000,Riyadh,10,102000.00000000001,124679,22679,22.2,Good (10-25%)
923,Kia,Cerato,2017,Saudi,Black,Standard,1.6,Gas,Automatic,132700,Dammam,9,28999.999999999996,36225,7225,24.9,Good (10-25%)
924,Toyota,Hilux,2020,Saudi,White,Full,2.7,Gas,Automatic,22000,Al-Ahsa,6,120000.00000000004,95588,24412,20.3,Good (10-25%)
925,Hyundai,Sonata,2019,Saudi,Silver,Standard,2.4,Gas,Automatic,110875,Riyadh,7,57000.000000000044,58455,1455,2.6,Excellent (<10%)
926,Lexus,ES,2021,Saudi,Another Color,Standard,2.5,Gas,Automatic,6000,Dammam,5,175000.00000000012,157652,17348,9.9,Excellent (<10%)
927,Toyota,Corolla,2020,Saudi,White,Standard,1.6,Gas,Automatic,109885,Jeddah,6,57000.000000000044,44600,12400,21.8,Good (10-25%)
928,Jeep,Cherokee,2019,Other,White,Semi Full,2.4,Gas,Automatic,55000,Riyadh,7,75000.00000000004,80789,5789,7.7,Excellent (<10%)
929,Toyota,Land Cruiser 70,2006,Saudi,Another Color,Semi Full,2.7,Gas,Manual,250,Al-Baha,20,32999.99999999999,23686,9314,28.2,Fair (25-50%)
930,Hyundai,Tucson,2020,Saudi,Grey,Semi Full,1.6,Gas,Automatic,6350,Jeddah,6,82000.0,60386,21614,26.4,Fair (25-50%)
931,Mazda,CX3,2018,Saudi,Navy,Standard,2.0,Gas,Automatic,70000,Jeddah,8,48000.00000000004,51677,3677,7.7,Excellent (<10%)
932,Hyundai,Accent,2017,Saudi,Another Color,Standard,1.4,Gas,Automatic,59933,Dammam,9,29500.000000000007,32916,3416,11.6,Good (10-25%)
933,Ford,Taurus,2017,Saudi,Another Color,Standard,3.5,Gas,Automatic,153889,Dammam,9,67999.99999999999,66385,1615,2.4,Excellent (<10%)
934,Chevrolet,Tahoe,2017,Saudi,Grey,Standard,5.3,Gas,Automatic,136517,Jeddah,9,107000.00000000003,115582,8582,8.0,Excellent (<10%)
935,Toyota,Land Cruiser,2011,Saudi,White,Full,4.7,Gas,Automatic,140000,Dammam,15,109999.99999999991,102310,7690,7.0,Excellent (<10%)
936,Nissan,Sunny,2018,Saudi,Grey,Standard,1.5,Gas,Automatic,88000,Jeddah,8,23999.99999999999,28162,4162,17.3,Good (10-25%)
937,Mitsubishi,Pajero,2012,Saudi,White,Standard,3.8,Gas,Automatic,91782,Riyadh,14,41500.000000000015,41939,439,1.1,Excellent (<10%)
938,Toyota,Camry,2013,Saudi,White,Full,2.5,Gas,Automatic,185000,Riyadh,13,41999.99999999999,42094,94,0.2,Excellent (<10%)
939,Toyota,Hilux,2020,Saudi,White,Full,2.4,Gas,Manual,34000,Aseer,6,120000.00000000004,89811,30189,25.2,Fair (25-50%)
940,GMC,Suburban,2005,Saudi,Black,Semi Full,5.3,Gas,Automatic,260000,Al-Medina,21,20000.000000000015,16146,3854,19.3,Good (10-25%)
941,Hyundai,Senta fe,2016,Gulf Arabic,Red,Semi Full,3.3,Gas,Automatic,138675,Qassim,10,60000.000000000015,58943,1057,1.8,Excellent (<10%)
942,Volkswagen,Passat,2015,Gulf Arabic,Black,Full,2.5,Gas,Automatic,90000,Jeddah,11,55000.00000000004,56786,1786,3.2,Excellent (<10%)
943,Chrysler,SRT,2015,Saudi,Black,Full,6.4,Gas,Automatic,200,Hafar Al-Batin,11,114999.99999999991,75881,39119,34.0,Fair (25-50%)
944,Zhengzhou,Pick up,2016,Saudi,White,Full,2.4,Gas,Manual,128,Al-Baha,10,35000.00000000001,55788,20788,59.4,Poor (>50%)
945,Chevrolet,Impala,2019,Gulf Arabic,Grey,Standard,3.6,Gas,Automatic,100200,Riyadh,7,75000.00000000004,64102,10898,14.5,Good (10-25%)
946,Hyundai,Elantra,2019,Saudi,Silver,Standard,1.6,Gas,Automatic,120244,Riyadh,7,43000.00000000002,43419,419,1.0,Excellent (<10%)
947,Mercedes,S,2016,Saudi,Silver,Semi Full,4.0,Gas,Automatic,35000,Riyadh,10,219999.99999999983,196560,23440,10.7,Good (10-25%)
948,GMC,Sierra,2013,Saudi,Silver,Full,5.3,Gas,Automatic,334,Riyadh,13,44999.999999999985,70307,25307,56.2,Poor (>50%)
949,Toyota,Furniture,2021,Saudi,White,Standard,2.7,Gas,Automatic,980,Tabouk,5,120000.00000000004,73551,46449,38.7,Fair (25-50%)
950,Land Rover,Range Rover,2016,Gulf Arabic,White,Full,5.0,Gas,Automatic,56500,Dammam,10,320000.00000000006,228187,91813,28.7,Fair (25-50%)
951,Lexus,LX,2004,Other,Another Color,Full,4.7,Gas,Automatic,274000,Riyadh,22,64999.999999999956,30080,34920,53.7,Poor (>50%)
952,Toyota,Rav4,2016,Saudi,Black,Standard,2.5,Gas,Automatic,231000,Jubail,10,52000.000000000044,57572,5572,10.7,Good (10-25%)
953,Hyundai,Accent,2018,Saudi,White,Standard,1.4,Gas,Automatic,68000,Riyadh,8,36499.99999999998,30992,5508,15.1,Good (10-25%)
954,Honda,Accord,2010,Saudi,White,Semi Full,2.4,Gas,Automatic,365000,Al-Medina,16,35000.00000000001,23553,11447,32.7,Fair (25-50%)
955,GMC,Yukon,2016,Gulf Arabic,White,Semi Full,5.3,Gas,Automatic,63000,Riyadh,10,139999.9999999999,134253,5747,4.1,Excellent (<10%)
956,Chrysler,S300,2018,Other,Navy,Full,3.6,Gas,Automatic,66000,Dammam,8,122000.00000000003,113987,8013,6.6,Excellent (<10%)
957,Toyota,Innova,2016,Saudi,White,Full,2.7,Gas,Automatic,84000,Riyadh,10,68999.99999999997,67388,1612,2.3,Excellent (<10%)
958,Toyota,Prado,2006,Saudi,White,Semi Full,4.0,Gas,Manual,600000,Jazan,20,32999.99999999999,24837,8163,24.7,Good (10-25%)
959,Nissan,Maxima,2004,Saudi,Silver,Full,3.0,Gas,Automatic,230000,Riyadh,22,14999.99999999999,18211,3211,21.4,Good (10-25%)
960,Toyota,Innova,2017,Saudi,White,Full,2.4,Gas,Automatic,167000,Jazan,9,70000.00000000001,72311,2311,3.3,Excellent (<10%)
961,Toyota,Hilux,2020,Saudi,White,Full,2.4,Diesel,Manual,29000,Dammam,6,142000.0,110252,31748,22.4,Good (10-25%)
962,Geely,X7,2017,Saudi,Black,Full,2.4,Gas,Automatic,65000,Riyadh,9,44999.999999999985,67500,22500,50.0,Fair (25-50%)
963,Hyundai,Accent,2018,Saudi,Silver,Standard,1.4,Gas,Automatic,76000,Riyadh,8,37500.00000000001,32311,5189,13.8,Good (10-25%)
964,Toyota,Furniture,2020,Saudi,White,Semi Full,4.0,Gas,Automatic,55000,Dammam,6,123000.00000000009,127599,4599,3.7,Excellent (<10%)
965,Ford,Expedition,2013,Saudi,Red,Standard,5.4,Gas,Automatic,21700,Dammam,13,35000.00000000001,63783,28783,82.2,Poor (>50%)
966,Toyota,Rav4,2018,Saudi,White,Semi Full,2.5,Gas,Automatic,74000,Dammam,8,79000.00000000006,77707,1293,1.6,Excellent (<10%)
967,INFINITI,Q,2016,Saudi,Black,Standard,3.7,Gas,Automatic,13000,Dammam,10,95000.00000000001,81469,13531,14.2,Good (10-25%)
968,Nissan,Sunny,2018,Saudi,Grey,Standard,1.5,Gas,Automatic,117081,Riyadh,8,26999.999999999978,24802,2198,8.1,Excellent (<10%)
969,Cadillac,Escalade,2007,Other,Black,Semi Full,6.2,Gas,Automatic,476000,Qassim,19,17999.999999999993,31059,13059,72.6,Poor (>50%)
970,Toyota,Yaris,2019,Saudi,White,Standard,1.5,Gas,Automatic,80000,Jeddah,7,35499.99999999999,36220,720,2.0,Excellent (<10%)
971,Kia,Sorento,2016,Saudi,White,Full,3.5,Gas,Automatic,93914,Riyadh,10,68499.99999999999,73732,5232,7.6,Excellent (<10%)
972,Ford,Vego,2019,Saudi,White,Standard,1.5,Gas,Automatic,47856,Jeddah,7,27499.99999999998,29588,2088,7.6,Excellent (<10%)
973,Hyundai,Azera,2017,Saudi,Another Color,Standard,3.0,Gas,Automatic,107154,Riyadh,9,60999.999999999956,61767,767,1.3,Excellent (<10%)
974,Isuzu,D-MAX,2015,Saudi,White,Standard,2.5,Diesel,Manual,299967,Dammam,11,53000.00000000002,45585,7415,14.0,Good (10-25%)
975,Mercedes,C,2018,Gulf Arabic,Silver,Full,2.0,Gas,Automatic,57000,Dammam,8,167000.0000000001,177482,10482,6.3,Excellent (<10%)
976,Toyota,Land Cruiser,2002,Saudi,Silver,Standard,1.1,Gas,Manual,325605,Jeddah,24,29999.99999999999,21567,8433,28.1,Fair (25-50%)
977,Mazda,3,2019,Saudi,White,Standard,1.6,Gas,Automatic,53000,Al-Medina,7,46499.999999999985,49916,3416,7.3,Excellent (<10%)
978,Ford,Taurus,2016,Other,White,Full,3.5,Gas,Automatic,91815,Riyadh,10,86000.00000000001,79697,6303,7.3,Excellent (<10%)
979,Lexus,LX,2012,Saudi,White,Full,5.7,Gas,Automatic,147000,Riyadh,14,170000.00000000012,127021,42979,25.3,Fair (25-50%)
980,Toyota,Hilux,2016,Saudi,White,Semi Full,2.7,Gas,Automatic,95000,Jeddah,10,84999.99999999996,70872,14128,16.6,Good (10-25%)
981,Ford,Marquis,2011,Other,Silver,Full,4.0,Gas,Automatic,327000,Al-Medina,15,25999.999999999985,28398,2398,9.2,Excellent (<10%)
982,Kia,Picanto,2010,Saudi,Grey,Standard,1.0,Gas,Manual,200000,Jeddah,16,10000.00000000001,11093,1093,10.9,Good (10-25%)
983,Dodge,Durango,2014,Saudi,Grey,Semi Full,3.6,Gas,Automatic,244000,Al-Namas,12,52000.000000000044,46213,5787,11.1,Good (10-25%)
984,Hyundai,Azera,2012,Gulf Arabic,White,Semi Full,3.0,Gas,Automatic,433000,Makkah,14,29999.99999999999,31083,1083,3.6,Excellent (<10%)
985,Ford,Marquis,1995,Saudi,Green,Full,4.6,Gas,Automatic,180000,Aseer,31,12999.999999999995,11767,1233,9.5,Excellent (<10%)
986,Hyundai,Elantra,2019,Saudi,White,Standard,1.6,Gas,Automatic,35093,Riyadh,7,50000.000000000015,52163,2163,4.3,Excellent (<10%)
987,Dodge,Charger,2013,Saudi,Grey,Full,5.7,Gas,Automatic,198000,Al-Medina,13,39000.0,44861,5861,15.0,Good (10-25%)
988,Nissan,Sunny,2011,Saudi,White,Standard,1.4,Gas,Automatic,108000,Riyadh,15,18999.999999999985,13441,5559,29.3,Fair (25-50%)
989,Toyota,Yaris,2015,Saudi,Black,Full,1.5,Gas,Automatic,204000,Riyadh,11,27499.99999999998,32958,5458,19.8,Good (10-25%)
990,Chevrolet,Tahoe,2010,Saudi,Silver,Full,5.8,Gas,Automatic,340000,Tabouk,16,40000.0,44229,4229,10.6,Good (10-25%)
991,Renault,Duster,2017,Saudi,Silver,Standard,2.0,Gas,Automatic,124000,Dammam,9,26999.999999999978,24642,2358,8.7,Excellent (<10%)
992,Chevrolet,Impala,2016,Saudi,Black,Full,3.6,Gas,Automatic,162000,Dammam,10,80000.0,72531,7469,9.3,Excellent (<10%)
993,Genesis,G330,2017,Other,Silver,Semi Full,3.3,Gas,Automatic,68000,Qurayyat,9,70000.00000000001,77534,7534,10.8,Good (10-25%)
994,BMW,The 5,2008,Other,Black,Full,4.8,Gas,Automatic,285627,Riyadh,18,29999.99999999999,36307,6307,21.0,Good (10-25%)
995,Nissan,Altima,2018,Gulf Arabic,White,Semi Full,2.5,Gas,Automatic,48000,Riyadh,8,67999.99999999999,70682,2682,3.9,Excellent (<10%)
996,Toyota,Land Cruiser 70,2006,Saudi,Bronze,Standard,4.5,Gas,Manual,239,Aseer,20,70000.00000000001,24209,45791,65.4,Poor (>50%)
997,Toyota,Corolla,2018,Saudi,White,Standard,1.6,Gas,Automatic,28449,Riyadh,8,59499.99999999996,49708,9792,16.5,Good (10-25%)
998,Toyota,Camry,2019,Gulf Arabic,White,Standard,2.5,Gas,Automatic,34727,Qassim,7,83000.0,86107,3107,3.7,Excellent (<10%)
999,Hyundai,Azera,2020,Other,Grey,Semi Full,3.5,Gas,Automatic,37000,Tabouk,6,1845.9999999999998,35314,33468,1813.0,
1000,Toyota,Camry,2009,Saudi,White,Standard,2.5,Gas,Manual,374000,Al-Ahsa,17,25000.000000000004,23171,1829,7.3,Excellent (<10%)
1001,Kia,Rio,2014,Other,Another Color,Standard,1.4,Gas,Automatic,203331,Makkah,12,20000.000000000015,20494,494,2.5,Excellent (<10%)
1002,Chevrolet,Tahoe,2014,Saudi,Black,Full,5.7,Gas,Automatic,205000,Dammam,12,70000.00000000001,78920,8920,12.7,Good (10-25%)
1003,GMC,Sierra,2020,Other,Another Color,Semi Full,5.3,Gas,Automatic,15800,Riyadh,6,150000.00000000006,156273,6273,4.2,Excellent (<10%)
1004,Toyota,Hiace,2016,Gulf Arabic,White,Semi Full,2.7,Gas,Manual,168000,Riyadh,10,46999.99999999999,65797,18797,40.0,Fair (25-50%)
1005,Land Rover,Range Rover,2006,Saudi,White,Full,5.0,Gas,Automatic,220000,Dammam,20,29999.99999999999,28020,1980,6.6,Excellent (<10%)
1006,Lexus,RC,2015,Other,White,Full,3.3,Gas,Automatic,139000,Dammam,11,121000.00000000003,94094,26906,22.2,Good (10-25%)
1007,Chevrolet,Impala,2018,Saudi,Silver,Standard,3.6,Gas,Automatic,75000,Riyadh,8,63999.99999999997,74567,10567,16.5,Good (10-25%)
1008,Hyundai,Sonata,2018,Gulf Arabic,Grey,Full,2.0,Gas,Automatic,79000,Tabouk,8,35999.99999999998,62978,26978,74.9,Poor (>50%)
1009,Toyota,Furniture,2015,Saudi,White,Semi Full,4.0,Gas,Automatic,205000,Riyadh,11,60999.999999999956,93639,32639,53.5,Poor (>50%)
1010,Ford,Explorer,2016,Gulf Arabic,Brown,Standard,3.8,Gas,Automatic,83000,Riyadh,10,84999.99999999996,72639,12361,14.5,Good (10-25%)
1011,Mercedes,SEL,1991,Other,Navy,Full,5.6,Gas,Automatic,17000,Jeddah,35,100000.00000000004,34211,65789,65.8,Poor (>50%)
1012,Hyundai,Sonata,2020,Saudi,Silver,Standard,2.5,Gas,Automatic,100,Jeddah,6,72910.0,75246,2336,3.2,Excellent (<10%)
1013,Toyota,Camry,2016,Saudi,White,Semi Full,2.5,Gas,Automatic,180000,Riyadh,10,26999.999999999978,55398,28398,105.2,Poor (>50%)
1014,Toyota,Innova,2016,Gulf Arabic,White,Full,2.7,Gas,Automatic,190000,Riyadh,10,64999.999999999956,62100,2900,4.5,Excellent (<10%)
1015,Toyota,Innova,2018,Saudi,Grey,Semi Full,2.0,Gas,Automatic,99000,Jeddah,8,63999.99999999997,69110,5110,8.0,Excellent (<10%)
1016,Hyundai,Senta fe,2016,Saudi,White,Semi Full,3.3,Gas,Automatic,62000,Riyadh,10,55000.00000000004,69002,14002,25.5,Fair (25-50%)
1017,Ford,Explorer,2003,Other,White,Standard,4.0,Gas,Automatic,360000,Khobar,23,8000.0000000000055,11471,3471,43.4,Fair (25-50%)
1018,Hyundai,Sonata,2016,Gulf Arabic,White,Full,2.4,Gas,Automatic,38000,Riyadh,10,62999.99999999995,58217,4783,7.6,Excellent (<10%)
1019,Hyundai,Sonata,2019,Saudi,White,Semi Full,2.4,Gas,Automatic,92000,Dammam,7,84000.00000000003,63147,20853,24.8,Good (10-25%)
1020,Hyundai,Sonata,2017,Saudi,Black,Semi Full,2.4,Gas,Automatic,226000,Riyadh,9,40999.99999999999,41281,281,0.7,Excellent (<10%)
1021,Mercedes,S,2012,Gulf Arabic,Brown,Semi Full,3.0,Gas,Automatic,131000,Riyadh,14,95000.00000000001,78570,16430,17.3,Good (10-25%)
1022,Kia,Cerato,2016,Saudi,Silver,Standard,1.6,Gas,Automatic,74000,Dammam,10,35999.99999999998,30227,5773,16.0,Good (10-25%)
1023,Ford,Expedition,2016,Saudi,White,Standard,5.4,Gas,Automatic,95000,Riyadh,10,71999.99999999996,80494,8494,11.8,Good (10-25%)
1024,Mitsubishi,Pajero,2012,Saudi,White,Standard,3.8,Gas,Automatic,86487,Riyadh,14,41500.000000000015,42027,527,1.3,Excellent (<10%)
1025,BMW,The 7,2019,Saudi,White,Full,3.0,Gas,Automatic,14000,Jeddah,7,247000.00000000006,203393,43607,17.7,Good (10-25%)
1026,Lexus,LX,2018,Saudi,Navy,Full,5.7,Gas,Automatic,95000,Jeddah,8,354999.9999999998,342784,12216,3.4,Excellent (<10%)
1027,Ford,Taurus,2015,Other,Grey,Full,3.5,Gas,Automatic,100000,Dammam,11,79000.00000000006,78374,626,0.8,Excellent (<10%)
1028,Chevrolet,Impala,2016,Saudi,Black,Standard,3.5,Gas,Automatic,192000,Dammam,10,64999.999999999956,62276,2724,4.2,Excellent (<10%)
1029,Toyota,Hiace,2017,Saudi,White,Standard,2.7,Gas,Manual,192692,Riyadh,9,68499.99999999999,68483,17,0.0,Excellent (<10%)
1030,Toyota,Land Cruiser Pickup,2015,Saudi,Another Color,Full,4.0,Gas,Manual,203843,Riyadh,11,90000.00000000001,97180,7180,8.0,Excellent (<10%)
1031,Ford,Taurus,2013,Saudi,White,Standard,1.0,Gas,Automatic,298,Makkah,13,38000.000000000015,22322,15678,41.3,Fair (25-50%)
1032,Nissan,Sunny,2018,Saudi,Another Color,Standard,1.5,Gas,Automatic,106000,Jeddah,8,24499.99999999998,26348,1848,7.5,Excellent (<10%)
1033,Kia,Cadenza,2019,Saudi,Silver,Semi Full,3.5,Gas,Automatic,94000,Riyadh,7,87999.99999999996,80006,7994,9.1,Excellent (<10%)
1034,Toyota,FJ,2014,Saudi,White,Semi Full,4.0,Gas,Automatic,237000,Jubail,12,84999.99999999996,68319,16681,19.6,Good (10-25%)
1035,Hyundai,Elantra,2019,Saudi,White,Standard,1.6,Gas,Automatic,119000,Jeddah,7,48000.00000000004,43232,4768,9.9,Excellent (<10%)
1036,Lexus,RX,2015,Saudi,Another Color,Full,3.5,Gas,Automatic,49000,Jeddah,11,123000.00000000009,128902,5902,4.8,Excellent (<10%)
1037,Toyota,Land Cruiser,2018,Unknown,White,Full,5.7,Gas,Automatic,59000,Riyadh,8,275000.0000000002,234759,40241,14.6,Good (10-25%)
1038,Kia,Carnival,2018,Saudi,White,Standard,3.3,Gas,Automatic,100000,Al-Ahsa,8,68999.99999999997,48749,20251,29.3,Fair (25-50%)
1039,Genesis,G80,2016,Saudi,Blue,Standard,3.8,Gas,Automatic,140000,Makkah,10,84000.00000000003,74078,9922,11.8,Good (10-25%)
1040,Mercedes,S,2018,Saudi,Grey,Full,3.0,Gas,Automatic,73000,Riyadh,8,344999.9999999997,244071,100929,29.3,Fair (25-50%)
1041,Hyundai,Elantra,2015,Gulf Arabic,White,Full,2.0,Gas,Automatic,140,Riyadh,11,38000.000000000015,35988,2012,5.3,Excellent (<10%)
1042,Toyota,Furniture,2020,Saudi,White,Semi Full,4.0,Gas,Automatic,40000,Dammam,6,131999.9999999999,133993,1993,1.5,Excellent (<10%)
1043,Chevrolet,Aveo,2007,Saudi,Navy,Standard,1.6,Gas,Manual,280,Taef,19,8000.0000000000055,12532,4532,56.6,Poor (>50%)
1044,Ford,Expedition,2012,Saudi,Silver,Standard,5.4,Gas,Automatic,360000,Riyadh,14,29999.99999999999,41076,11076,36.9,Fair (25-50%)
1045,Suzuki,APV,2016,Saudi,White,Standard,1.6,Gas,Manual,329000,Dammam,10,28000.00000000002,29321,1321,4.7,Excellent (<10%)
1046,Ford,Expedition,2016,Saudi,Grey,Standard,5.4,Gas,Automatic,172000,Al-Ahsa,10,76000.0,80381,4381,5.8,Excellent (<10%)
1047,Toyota,Land Cruiser,2015,Gulf Arabic,White,Full,5.7,Gas,Automatic,143203,Riyadh,11,156499.99999999985,162069,5569,3.6,Excellent (<10%)
1048,Lexus,LX,2015,Gulf Arabic,Black,Full,5.7,Gas,Automatic,151000,Riyadh,11,156499.99999999985,173833,17333,11.1,Good (10-25%)
1049,Mitsubishi,Pajero,2015,Saudi,White,Standard,3.5,Gas,Automatic,135063,Jeddah,11,52000.000000000044,56278,4278,8.2,Excellent (<10%)
1050,Hyundai,Tucson,2017,Saudi,Brown,Semi Full,2.0,Gas,Automatic,105237,Jeddah,9,58000.00000000003,55506,2494,4.3,Excellent (<10%)
1051,Lexus,LX,2014,Saudi,Bronze,Full,5.7,Gas,Automatic,160000,Dammam,12,188000.00000000012,174881,13119,7.0,Excellent (<10%)
1052,Ford,Expedition,2014,Saudi,Black,Semi Full,5.4,Gas,Automatic,263000,Riyadh,12,48000.00000000004,50796,2796,5.8,Excellent (<10%)
1053,Ford,Taurus,2018,Saudi,Another Color,Standard,3.5,Gas,Automatic,63000,Jeddah,8,80000.0,80279,279,0.3,Excellent (<10%)
1054,Toyota,Furniture,2019,Saudi,White,Standard,2.7,Gas,Automatic,113000,Riyadh,7,104999.99999999997,79836,25164,24.0,Good (10-25%)
1055,Chevrolet,Tahoe,2007,Saudi,Bronze,Semi Full,5.5,Gas,Automatic,450,Jeddah,19,27499.99999999998,28382,882,3.2,Excellent (<10%)
1056,Hyundai,Elantra,2020,Saudi,White,Standard,2.0,Gas,Automatic,120000,Dammam,6,53000.00000000002,53688,688,1.3,Excellent (<10%)
1057,BMW,The 7,2014,Gulf Arabic,Silver,Full,2.0,Gas,Automatic,139000,Riyadh,12,90000.00000000001,73644,16356,18.2,Good (10-25%)
1058,Toyota,Yaris,2018,Saudi,Silver,Standard,1.5,Gas,Automatic,134946,Jeddah,8,37500.00000000001,34513,2987,8.0,Excellent (<10%)
1059,Mazda,6,2018,Gulf Arabic,White,Semi Full,2.0,Gas,Automatic,25712,Riyadh,8,77999.99999999994,74040,3960,5.1,Excellent (<10%)
1060,Chevrolet,Impala,2014,Gulf Arabic,White,Standard,3.6,Gas,Automatic,255000,Khobar,12,43000.00000000002,46924,3924,9.1,Excellent (<10%)
1061,Maserati,Levante,2020,Saudi,Blue,Full,3.0,Gas,Automatic,500,Dammam,6,369999.99999999977,156351,213649,57.7,Poor (>50%)
1062,Lexus,LX,2015,Saudi,White,Full,5.7,Gas,Automatic,247000,Riyadh,11,165000.00000000015,145434,19566,11.9,Good (10-25%)
1063,Dodge,Charger,2016,Other,Red,Full,3.6,Gas,Automatic,100000,Dammam,10,99000.00000000004,92747,6253,6.3,Excellent (<10%)
1064,Chevrolet,Tahoe,2015,Saudi,Black,Standard,5.3,Gas,Automatic,121000,Riyadh,11,92000.00000000007,103810,11810,12.8,Good (10-25%)
1065,Kia,Sportage,2014,Saudi,Grey,Full,2.4,Gas,Automatic,140000,Dammam,12,44999.999999999985,44161,839,1.9,Excellent (<10%)
1066,Mazda,CX9,2015,Saudi,Black,Full,2.5,Gas,Automatic,234000,Taef,11,57000.000000000044,54890,2110,3.7,Excellent (<10%)
1067,GMC,Sierra,2016,Saudi,Brown,Full,5.3,Gas,Automatic,161,Jeddah,10,80000.0,94083,14083,17.6,Good (10-25%)
1068,Land Rover,Range Rover,2010,Saudi,White,Full,5.0,Gas,Automatic,188000,Al-Medina,16,61999.99999999997,58904,3096,5.0,Excellent (<10%)
1069,Ford,F150,2012,Saudi,Black,Standard,3.0,Gas,Automatic,352000,Riyadh,14,38000.000000000015,34451,3549,9.3,Excellent (<10%)
1070,Mitsubishi,L200,2012,Saudi,White,Semi Full,4.2,Gas,Manual,20000,Jazan,14,20000.000000000015,53037,33037,165.2,Poor (>50%)
1071,Toyota,Hilux,2020,Gulf Arabic,White,Semi Full,2.7,Gas,Manual,49000,Riyadh,6,103000.00000000001,80829,22171,21.5,Good (10-25%)
1072,Kia,Sportage,2016,Saudi,Grey,Semi Full,2.0,Gas,Automatic,163000,Riyadh,10,43000.00000000002,49898,6898,16.0,Good (10-25%)
1073,Nissan,X-Trail,2016,Saudi,Black,Standard,2.5,Gas,Automatic,115000,Riyadh,10,50000.000000000015,49541,459,0.9,Excellent (<10%)
1074,Toyota,Land Cruiser,2007,Saudi,White,Standard,4.5,Gas,Manual,480000,Dammam,19,64999.999999999956,57820,7180,11.0,Good (10-25%)
